annotation_id,image_id,category_id,bbox_x,bbox_y,bbox_w,bbox_h,score
1,1,5093,558,69,384,406,0.99
2,1,27652,598,677,244,475,0.88
3,1,18146,158,252,200,119,0.68
4,3,5093,529,58,377,406,0.99
5,3,18146,142,242,196,127,0.82
6,3,27652,568,630,255,480,0.89
7,4,5093,136,647,285,490,0.97
8,4,19231,119,150,268,414,0.6
9,5,5093,571,111,279,479,0.98
10,5,18146,183,269,121,193,0.75
11,5,19231,611,713,282,442,0.95
12,8,3482,587,847,283,164,0.96
13,8,27992,131,219,207,195,0.81
14,8,44198,622,176,227,216,0.97
15,9,3482,557,810,287,177,0.94
16,9,27992,114,209,202,197,0.82
17,9,44198,594,170,221,217,0.95
18,10,18146,645,844,186,188,0.94
19,10,1899,105,809,236,234,0.89
20,10,6562,102,243,403,207,0.79
21,13,27732,432,855,188,191,0.89
22,13,13899,144,331,192,187,0.7
23,15,3350,48,788,442,270,0.55
24,15,27732,361,247,182,178,0.83
25,17,27732,299,167,180,185,0.94
26,17,12777,553,637,276,303,0.76
27,19,12246,618,207,262,170,0.8
28,19,3482,606,789,272,206,0.97
29,19,44198,100,168,212,201,0.61
30,19,38161,125,769,306,277,0.91
31,23,27925,20,95,407,429,0.96
32,23,3482,557,809,287,176,0.94
33,24,3482,585,846,283,166,0.95
34,24,27925,32,105,419,437,0.93
35,27,33008,118,824,263,260,0.79
36,27,18109,606,94,189,450,0.92
37,27,19551,81,128,287,484,0.78
38,27,33879,593,701,238,514,0.66
39,28,3482,561,812,268,217,0.95
40,28,27925,20,63,402,454,0.95
41,28,22626,612,132,222,432,0.83
42,29,22626,582,121,215,407,0.88
43,29,3482,532,774,269,226,0.95
44,29,27925,5,53,388,444,0.94
45,31,16687,110,240,206,199,0.95
46,31,29450,194,716,216,361,0.9
47,31,5093,589,49,288,478,0.98
48,32,29450,588,230,202,333,0.7
49,32,16687,676,829,210,209,0.92
50,32,5093,112,707,288,493,0.96
51,38,22626,625,146,211,412,0.68
52,38,27776,104,24,409,506,0.97
53,38,3482,618,717,211,267,0.91
54,38,25437,85,726,337,239,0.94
55,40,13394,121,839,226,223,0.95
56,40,3482,157,215,247,220,0.91
57,40,27776,617,602,328,566,0.94
58,40,3742,649,279,218,169,0.79
59,41,13394,637,208,223,211,0.94
60,41,3742,121,865,217,166,0.58
61,41,3482,590,871,257,230,0.95
62,41,27776,52,82,317,548,0.9
63,42,27776,33,65,310,542,0.93
64,42,13394,606,199,221,215,0.96
65,42,3742,84,825,222,174,0.75
66,42,3482,560,834,263,241,0.89
67,44,23222,574,668,184,267,0.98
68,44,27732,371,155,181,185,0.92
69,44,13394,101,726,218,226,0.88
70,46,19551,105,115,313,500,0.88
71,46,18109,594,69,235,475,0.93
72,46,23202,115,784,325,321,0.85
73,47,23202,493,163,314,303,0.82
74,47,19551,533,582,315,509,0.8
75,47,18109,94,657,244,478,0.93
76,53,18109,652,110,208,456,0.93
77,53,27925,103,122,349,464,0.6
78,53,33008,127,853,268,262,0.76
79,54,18109,70,658,207,485,0.9
80,54,19606,474,642,359,485,0.53
81,54,33879,111,84,232,490,0.58
82,54,33008,542,180,254,245,0.93
83,55,16261,53,282,335,318,0.94
84,55,27732,426,848,185,188,0.6
85,56,16261,550,619,341,340,0.91
86,56,27732,327,193,182,182,0.89
87,58,3482,572,835,261,232,0.94
88,58,29344,39,56,383,461,0.95
89,58,3742,90,825,223,175,0.66
90,60,29344,549,688,409,487,0.8
91,60,3742,639,277,220,168,0.8
92,60,3482,147,218,251,222,0.93
93,62,12777,90,546,285,424,0.93
94,62,12246,537,649,213,259,0.89
95,62,27732,328,158,179,183,0.8
96,64,13394,156,281,223,221,0.86
97,64,27732,398,888,187,190,0.67
98,64,16261,593,269,337,318,0.9
99,65,13394,558,730,230,228,0.95
100,65,16261,0,637,337,338,0.94
101,66,13394,597,822,226,218,0.91
102,66,16261,36,718,336,336,0.94
103,66,27732,392,211,183,180,0.82
104,68,16231,156,829,185,188,0.95
105,68,34596,508,764,447,372,0.96
106,68,30307,637,293,169,195,0.74
107,68,3482,174,279,255,212,0.97
108,70,5093,58,711,289,494,0.96
109,70,18146,636,899,206,153,0.74
110,70,6562,45,237,401,218,0.66
111,72,5093,643,44,287,481,0.95
112,72,18146,157,227,199,147,0.87
113,72,6562,551,847,407,216,0.9
114,73,18146,593,850,210,127,0.55
115,73,29450,165,672,219,363,0.89
116,73,5093,529,69,338,427,0.99
117,73,16687,72,201,203,197,0.96
118,75,5093,554,76,348,441,0.98
119,75,29450,194,716,216,360,0.91
120,75,16687,87,208,204,201,0.89
121,75,29666,622,883,203,117,0.64
122,79,27732,389,847,186,189,0.59
123,79,31884,501,236,326,254,0.59
124,80,27732,359,195,184,184,0.78
125,82,16547,606,735,273,417,0.53
126,82,18109,631,110,195,455,0.96
127,82,23202,116,833,337,332,0.5
128,82,36636,123,163,323,474,0.94
129,83,36636,504,599,321,484,0.97
130,83,18109,97,654,205,491,0.94
131,83,23202,489,122,316,306,0.86
132,83,16547,88,119,249,390,0.75
133,85,19231,581,672,289,449,0.93
134,85,18146,163,257,123,196,0.67
135,85,1899,568,252,231,223,0.88
136,86,1899,154,770,235,235,0.97
137,86,27652,118,155,270,411,0.51
138,86,19231,119,150,268,414,0.68
139,88,3543,614,735,266,445,0.99
140,88,5093,610,49,282,480,0.98
141,88,18146,132,233,199,134,0.7
142,89,6191,44,758,302,300,0.55
143,89,18146,116,224,198,141,0.6
144,89,5093,580,43,275,471,0.97
145,89,3543,586,694,270,456,0.99
146,90,3543,134,130,248,417,0.98
147,90,18146,660,904,210,147,0.6
148,90,5093,92,706,289,495,0.95
149,91,18146,633,894,205,133,0.67
150,91,1899,120,867,244,234,0.97
151,91,16231,693,300,149,145,0.76
152,95,27732,338,184,178,182,0.84
153,95,2482,500,718,386,236,0.58
154,95,13394,58,745,230,228,0.97
155,97,19231,113,167,309,398,0.95
156,97,16231,669,255,150,146,0.85
157,97,1899,97,823,244,237,0.91
158,100,18146,134,244,192,161,0.75
159,100,6191,45,747,301,296,0.74
160,100,20876,498,795,396,204,0.83
161,100,1899,585,130,230,225,0.85
162,102,1899,612,135,238,226,0.97
163,102,18146,151,253,197,162,0.69
164,102,20876,530,841,392,194,0.77
165,104,27732,324,207,179,181,0.81
166,104,22361,612,759,180,234,0.79
167,104,29870,107,611,246,367,0.55
168,108,18109,604,80,236,480,0.91
169,108,16547,587,746,251,408,0.71
170,108,33008,138,844,262,254,0.85
171,109,3482,147,218,251,221,0.94
172,109,3742,640,279,219,167,0.77
173,109,27925,585,715,381,492,0.8
174,110,27925,41,46,372,480,0.94
175,110,3742,126,864,222,166,0.65
176,110,3482,598,868,259,227,0.95
177,112,16687,127,236,205,199,0.9
178,112,21324,633,199,222,213,0.57
179,112,5093,160,587,293,469,0.98
180,112,20876,554,811,379,205,0.54
181,113,5093,539,226,292,458,0.98
182,113,21324,126,844,226,225,0.51
183,113,16687,658,834,213,209,0.82
184,114,21324,605,190,218,215,0.76
185,114,16687,108,222,203,201,0.88
186,114,5093,127,537,297,473,0.98
187,114,20876,527,767,375,222,0.63
188,115,12246,101,880,266,180,0.88
189,115,38161,561,250,297,270,0.89
190,115,3482,121,307,272,201,0.96
191,115,27925,502,641,412,463,0.91
192,118,23222,63,306,231,220,0.83
193,118,25468,421,68,429,526,0.67
194,119,23222,649,701,232,229,0.96
195,119,27732,295,194,181,184,0.92
196,119,25468,80,569,439,568,0.53
197,120,25468,121,666,439,571,0.68
198,120,23222,687,792,233,220,0.97
199,120,27732,335,256,180,177,0.93
200,122,3482,569,807,284,194,0.97
201,122,27925,55,94,358,470,0.92
202,122,21770,43,784,350,302,0.83
203,122,13394,588,168,219,217,0.92
204,124,41767,674,273,174,168,0.58
205,124,5093,0,761,363,459,0.99
206,124,18146,177,283,197,136,0.67
207,125,5093,626,27,339,448,0.99
208,125,41767,140,867,173,175,0.67
209,125,18146,625,895,200,131,0.74
210,126,18146,595,858,207,144,0.88
211,126,5093,593,23,339,438,0.99
212,126,5885,100,196,184,181,0.56
213,127,19606,147,167,285,512,0.66
214,127,23202,131,857,285,285,0.78
215,127,19860,131,859,286,284,0.52
216,127,18109,643,120,194,461,0.97
217,128,19606,143,136,290,520,0.8
218,128,16547,608,779,247,407,0.52
219,128,18109,653,75,191,491,0.94
220,128,19860,132,848,280,272,0.78
221,129,19606,520,549,300,517,0.82
222,129,19860,521,150,268,265,0.82
223,129,18109,85,635,209,493,0.93
224,129,16547,89,79,239,387,0.88
225,130,30307,638,293,168,194,0.68
226,130,34596,504,764,471,311,0.73
227,130,12246,130,831,195,252,0.88
228,130,38161,500,763,475,312,0.65
229,130,3482,175,278,257,214,0.97
230,132,12246,663,178,186,251,0.95
231,132,3482,562,812,267,217,0.96
232,134,3482,555,809,288,176,0.92
233,134,27776,40,5,349,525,0.96
234,135,27776,47,11,368,538,0.97
235,135,22626,676,144,204,435,0.57
236,135,3482,586,847,283,164,0.93
237,136,18146,655,849,205,158,0.55
238,136,29344,135,239,243,232,0.54
239,136,27925,565,209,325,292,0.66
240,136,5093,86,652,305,483,0.98
241,139,3482,570,808,283,192,0.96
242,139,27776,3,44,396,510,0.93
243,139,22626,581,100,222,398,0.56
244,139,21770,43,783,351,304,0.76
245,140,27776,14,60,411,518,0.94
246,140,22626,613,112,225,409,0.84
247,140,21770,84,824,342,305,0.72
248,140,3482,596,846,281,185,0.97
249,142,18146,585,871,203,135,0.81
250,142,1899,590,156,231,224,0.86
251,143,18146,612,906,200,128,0.84
252,143,1899,619,160,237,226,0.98
253,143,41767,127,865,177,176,0.69
254,146,27776,555,662,403,547,0.98
255,146,3482,174,279,257,212,0.95
256,146,30307,638,294,169,194,0.69
257,146,16231,155,828,186,189,0.92
258,148,27732,403,851,187,189,0.7
259,148,31884,501,235,326,256,0.54
260,149,44198,595,711,229,224,0.94
261,149,27732,347,191,179,184,0.92
262,150,44198,636,800,221,221,0.95
263,150,27732,389,252,183,178,0.9
264,151,24849,181,266,210,195,0.91
265,151,18146,645,844,186,188,0.9
266,151,6562,511,248,401,212,0.72
267,151,1899,97,820,241,235,0.89
268,152,6562,35,806,418,218,0.91
269,152,18146,148,242,179,178,0.84
270,152,1899,618,204,232,224,0.73
271,152,24849,582,808,218,206,0.76
272,153,1899,646,211,236,227,0.92
273,153,6562,71,848,410,210,0.93
274,153,18146,167,246,181,182,0.91
275,153,24849,610,842,212,198,0.64
276,154,19860,107,806,278,274,0.73
277,154,18109,611,48,255,476,0.95
278,154,19551,95,131,318,497,0.88
279,155,19860,546,185,269,269,0.6
280,155,19551,537,572,323,498,0.82
281,155,18109,67,680,254,478,0.94
282,156,19860,107,815,285,285,0.72
283,156,18109,602,96,257,447,0.93
284,156,19551,100,182,311,477,0.92
285,156,19860,130,866,108,89,0.6
286,157,27925,108,85,379,452,0.96
287,157,30307,145,776,177,206,0.64
288,157,33207,574,186,236,228,0.51
289,157,3482,534,777,268,224,0.96
290,159,27925,122,96,390,467,0.97
291,159,3482,561,813,269,218,0.95
292,159,33207,601,195,245,226,0.63
293,160,16687,628,887,212,211,0.93
294,160,5093,583,262,278,468,0.96
295,162,16687,157,175,205,203,0.88
296,162,5093,131,538,276,474,0.98
297,163,3482,563,812,269,219,0.95
298,163,16231,643,254,182,176,0.83
299,163,44198,125,171,212,205,0.78
300,164,16231,156,829,184,187,0.95
301,164,3482,173,279,256,213,0.96
302,164,30307,638,293,168,195,0.72
303,165,16231,615,241,181,178,0.74
304,165,44198,109,167,207,200,0.6
305,165,3482,534,774,270,225,0.96
306,165,30307,146,775,176,206,0.56
307,170,18109,622,75,226,458,0.94
308,170,23202,104,810,287,290,0.66
309,170,19606,127,169,298,504,0.72
310,172,3482,585,847,283,165,0.95
311,172,13394,630,182,223,212,0.93
312,172,27925,115,62,323,502,0.86
313,173,27925,103,53,310,485,0.87
314,173,13394,602,175,217,218,0.95
315,173,3482,556,810,287,176,0.94
316,174,20013,677,257,213,196,0.65
317,174,27925,562,684,329,507,0.54
318,174,13394,127,862,225,224,0.9
319,174,3482,133,293,277,167,0.94
320,175,5093,114,92,277,478,0.81
321,175,13394,640,207,220,210,0.93
322,175,3482,592,870,256,229,0.96
323,176,3742,649,279,218,169,0.73
324,176,13394,121,842,225,220,0.94
325,176,3482,157,216,247,220,0.95
326,179,3482,175,277,256,213,0.97
327,179,27992,648,835,207,201,0.77
328,179,30307,640,293,168,193,0.67
329,180,3482,535,778,269,224,0.96
330,180,27992,122,226,204,195,0.97
331,180,44198,576,188,220,215,0.97
332,180,30307,146,776,176,205,0.58
333,183,21324,159,260,218,211,0.81
334,183,5093,26,693,397,420,0.98
335,183,16687,643,877,213,211,0.92
336,185,16687,141,172,199,199,0.92
337,185,1899,132,738,238,233,0.95
338,186,16687,157,176,206,203,0.89
339,186,1899,166,781,236,229,0.97
340,189,18109,642,123,196,459,0.96
341,189,23202,131,857,285,286,0.77
342,189,19860,131,857,285,285,0.66
343,191,21324,91,788,225,219,0.85
344,191,5093,579,569,286,487,0.98
345,191,16687,118,182,205,199,0.87
346,196,18109,94,655,203,492,0.94
347,196,16547,88,119,247,390,0.66
348,196,23202,489,122,316,306,0.81
349,196,4542,537,517,278,516,0.67
350,197,18109,637,61,194,483,0.97
351,197,16547,602,734,258,406,0.56
352,197,23202,119,825,323,324,0.81
353,198,18109,631,109,191,454,0.96
354,198,23202,118,834,333,331,0.69
355,198,16547,607,735,273,417,0.55
356,199,13394,627,165,225,212,0.93
357,199,3482,558,812,267,218,0.96
358,199,34596,35,114,401,402,0.89
359,200,34596,556,732,415,406,0.97
360,200,3482,177,277,257,215,0.96
361,200,13394,129,882,225,224,0.88
362,200,30307,639,296,169,193,0.67
363,202,3482,142,294,210,249,0.93
364,202,25437,546,292,339,232,0.88
365,203,25437,82,726,338,238,0.87
366,203,33207,599,186,236,227,0.72
367,203,3482,616,719,212,266,0.91
368,204,27992,97,204,206,195,0.63
369,204,3482,644,748,211,264,0.89
370,204,25437,113,774,340,224,0.98
371,205,16687,111,163,202,199,0.95
372,205,29450,165,672,217,364,0.92
373,205,1899,590,123,229,223,0.9
374,210,22346,593,872,208,206,0.93
375,210,13394,161,752,227,221,0.76
376,210,27732,417,245,182,177,0.69
377,212,41767,141,866,174,175,0.68
378,212,18146,625,895,201,130,0.8
379,212,5093,482,133,428,358,0.92
380,213,5093,455,122,421,353,0.94
381,213,18146,595,858,207,145,0.83
382,214,5093,569,53,271,468,0.98
383,214,24849,585,797,217,207,0.52
384,214,27652,87,614,263,480,0.69
385,214,18146,142,240,197,128,0.88
386,215,5093,598,62,283,477,0.98
387,215,18146,158,252,198,118,0.75
388,215,27652,121,664,264,475,0.76
389,215,24849,612,835,216,197,0.78
390,217,18109,595,68,234,477,0.92
391,217,23202,115,783,325,322,0.75
392,217,19606,135,127,265,523,0.51
393,219,23202,494,163,313,302,0.83
394,219,18109,94,658,243,475,0.93
395,219,19606,540,547,276,524,0.54
396,222,27732,405,204,185,179,0.86
397,222,12777,594,729,278,307,0.77
398,224,3482,597,846,280,185,0.98
399,224,13394,619,171,221,216,0.95
400,224,21770,83,825,342,301,0.83
401,224,29344,102,80,362,486,0.93
402,225,21770,570,181,332,289,0.67
403,225,29344,533,660,369,506,0.92
404,225,13394,141,872,227,225,0.87
405,225,3482,125,275,271,186,0.96
406,226,44198,643,187,228,216,0.97
407,226,3742,125,865,222,165,0.55
408,226,3482,599,868,257,226,0.95
409,226,27992,109,229,206,195,0.93
410,229,18109,50,665,280,472,0.9
411,229,23202,535,148,317,308,0.85
412,229,33879,105,70,233,478,0.51
413,231,18109,594,115,283,438,0.85
414,231,27925,55,151,384,424,0.6
415,232,27992,129,232,203,197,0.95
416,232,3482,598,799,271,202,0.94
417,232,13394,676,190,223,212,0.89
418,232,38161,118,773,310,268,0.92
419,234,38161,83,730,314,270,0.89
420,234,3482,566,766,275,204,0.94
421,234,27992,112,221,200,193,0.85
422,234,13394,648,184,216,212,0.93
423,236,20013,678,257,211,195,0.71
424,236,3482,131,293,276,168,0.95
425,236,22626,112,686,203,437,0.84
426,237,22626,652,146,199,395,0.62
427,237,3482,556,810,287,176,0.94
428,241,44198,130,326,225,217,0.94
429,241,27732,411,912,188,192,0.63
430,241,12777,519,256,301,386,0.92
431,243,44198,621,768,228,221,0.97
432,243,12777,142,642,312,410,0.85
433,243,27732,379,185,182,180,0.78
434,244,5093,579,4,285,479,0.98
435,244,16687,128,170,205,198,0.93
436,244,29450,193,716,215,361,0.89
437,247,16547,606,736,273,417,0.53
438,247,19606,63,151,334,482,0.72
439,247,18109,630,109,191,455,0.96
440,247,23202,117,832,334,333,0.56
441,248,18109,637,61,194,483,0.97
442,248,19606,57,110,342,498,0.55
443,248,16547,601,734,259,406,0.61
444,248,23202,119,825,323,324,0.75
445,249,18109,91,655,209,491,0.93
446,249,23202,490,121,317,307,0.8
447,249,16547,87,119,249,391,0.76
448,249,19606,555,587,349,504,0.66
449,250,13394,132,210,222,220,0.95
450,251,13394,584,797,234,228,0.91
451,251,29870,141,596,246,367,0.72
452,251,27732,369,181,181,181,0.68
453,252,13394,624,888,224,219,0.87
454,252,29870,185,692,245,365,0.71
455,252,27732,411,240,184,177,0.7
456,253,29666,61,258,399,218,0.72
457,253,3350,460,255,422,288,0.75
458,253,27732,448,850,187,189,0.73
459,256,33008,536,181,256,248,0.92
460,256,33879,107,90,240,484,0.68
461,256,36636,496,657,316,499,0.98
462,256,18109,66,661,210,487,0.89
463,259,12777,112,282,269,286,0.83
464,259,27732,386,896,187,188,0.67
465,259,44198,607,278,223,217,0.85
466,262,13394,602,176,218,215,0.94
467,262,3482,555,810,288,176,0.95
468,264,13394,126,863,226,224,0.91
469,264,29344,569,679,345,512,0.95
470,264,20013,678,257,213,196,0.66
471,264,3482,132,294,277,168,0.91
472,265,3482,131,293,277,167,0.92
473,265,16231,145,848,192,188,0.93
474,265,20013,677,257,213,196,0.68
475,265,27925,605,662,370,489,0.91
476,266,27925,21,107,372,472,0.92
477,266,3482,586,847,283,165,0.94
478,266,16231,648,232,189,179,0.87
479,271,25437,82,724,339,239,0.92
480,271,22626,626,155,217,403,0.94
481,271,3482,618,712,215,273,0.91
482,271,27992,105,186,200,195,0.75
483,273,25437,544,293,344,232,0.9
484,273,22626,96,676,237,421,0.94
485,273,27992,664,876,214,205,0.81
486,273,3482,142,295,210,250,0.93
487,274,22361,205,324,151,236,0.85
488,274,16261,583,259,329,314,0.97
489,274,27732,421,891,186,189,0.72
490,275,16261,7,651,340,331,0.98
491,275,27732,330,152,180,183,0.76
492,275,22361,580,661,155,247,0.93
493,277,3482,599,867,258,227,0.95
494,277,12246,614,199,269,150,0.94
495,277,3742,126,864,221,165,0.68
496,278,3482,147,218,251,222,0.96
497,278,12246,92,907,278,163,0.9
498,278,27776,523,739,411,425,0.66
499,278,3742,640,278,220,169,0.79
500,280,27732,413,869,186,188,0.52
501,280,16231,134,293,187,190,0.54
502,286,3482,534,778,268,223,0.97
503,286,34596,27,114,378,406,0.96
504,286,33207,574,187,235,226,0.52
505,286,30307,145,776,176,205,0.54
506,287,30307,639,293,169,195,0.66
507,287,34596,570,699,395,426,0.98
508,287,3482,174,277,257,214,0.97
509,288,34596,38,125,386,420,0.87
510,288,3482,561,813,268,217,0.97
511,288,33207,600,194,247,226,0.54
512,289,19606,98,50,276,529,0.57
513,289,16547,586,747,251,407,0.75
514,289,18109,604,80,237,479,0.9
515,289,33008,138,844,262,253,0.75
516,291,19606,573,615,279,528,0.71
517,291,16547,109,114,238,384,0.74
518,291,18109,82,651,246,474,0.89
519,291,33008,531,178,255,247,0.9
520,292,33008,541,180,254,246,0.93
521,292,4542,548,592,322,504,0.54
522,292,33879,111,86,232,489,0.51
523,292,18109,71,657,212,486,0.89
524,295,27732,413,865,186,188,0.77
525,295,16261,129,195,332,314,0.92
526,298,24849,154,234,210,195,0.87
527,298,3543,572,176,251,419,0.98
528,298,1899,162,777,238,236,0.95
529,298,18146,685,880,206,129,0.9
530,299,24849,609,844,218,208,0.86
531,299,3543,132,644,269,451,0.98
532,299,1899,559,245,233,229,0.97
533,299,18146,88,260,201,128,0.88
534,302,12246,565,710,241,229,0.94
535,302,27732,312,162,180,184,0.81
536,304,18109,619,77,192,459,0.89
537,304,16550,110,151,297,475,0.86
538,304,33879,590,699,238,470,0.68
539,304,23202,125,808,335,331,0.71
540,308,27732,289,208,183,182,0.76
541,308,12777,554,596,280,304,0.6
542,308,12246,113,711,198,267,0.95
543,310,25366,141,867,211,208,0.54
544,310,16687,654,892,214,210,0.93
545,310,18146,622,319,171,186,0.53
546,310,5093,113,145,301,450,0.97
547,313,3482,614,718,215,269,0.92
548,313,13394,597,180,216,216,0.9
549,313,25437,33,748,337,262,0.99
550,313,29344,14,26,441,405,0.96
551,315,29344,509,780,466,426,0.9
552,315,25437,595,259,337,240,0.98
553,315,13394,133,860,225,224,0.86
554,315,3482,142,293,211,251,0.89
555,316,20876,542,812,382,204,0.57
556,316,1899,166,790,235,228,0.98
557,316,21324,634,198,221,214,0.66
558,316,16687,125,235,207,199,0.91
559,317,20876,81,273,356,215,0.56
560,317,16687,658,834,212,208,0.92
561,317,1899,591,282,232,222,0.96
562,320,22626,626,155,216,402,0.9
563,320,25437,85,727,338,239,0.95
564,320,3482,618,717,212,268,0.91
565,323,20013,679,256,210,195,0.71
566,323,3482,130,293,277,167,0.93
567,323,27992,656,876,212,205,0.67
568,323,12246,149,802,201,253,0.91
569,324,12246,640,208,191,247,0.95
570,324,3482,586,847,283,164,0.95
571,324,27992,131,195,206,194,0.98
572,325,30307,639,293,169,194,0.57
573,325,3482,175,277,257,213,0.96
574,325,27776,509,696,406,535,0.99
575,327,3482,561,812,268,218,0.95
576,327,33207,600,194,246,226,0.61
577,327,27776,83,14,406,523,0.98
578,328,27776,516,636,387,545,0.99
579,328,3482,124,307,269,201,0.96
580,328,38161,562,251,296,270,0.86
581,328,12246,101,881,266,179,0.86
582,332,16687,124,143,203,196,0.91
583,332,5093,564,537,284,487,0.97
584,334,27992,145,222,204,192,0.89
585,334,3482,617,717,213,267,0.88
586,334,16231,625,222,187,181,0.86
587,334,25437,84,727,337,239,0.96
588,335,27992,622,839,210,205,0.74
589,335,16231,137,849,192,187,0.97
590,335,3482,141,294,210,251,0.93
591,335,25437,544,292,341,232,0.9
592,336,16231,655,232,189,177,0.89
593,336,3482,646,748,210,263,0.93
594,336,25437,115,775,340,222,0.98
595,337,12246,128,833,184,261,0.69
596,337,3482,124,274,272,184,0.96
597,337,21770,571,178,330,290,0.66
598,337,27992,640,837,211,200,0.8
599,338,21770,43,784,351,304,0.79
600,338,27992,126,222,202,196,0.91
601,338,12246,643,168,172,249,0.97
602,338,3482,571,808,282,193,0.97
603,339,12246,672,169,175,258,0.96
604,339,3482,597,846,281,186,0.98
605,339,21770,84,825,341,304,0.72
606,339,27992,146,233,206,197,0.98
607,340,44198,576,189,219,215,0.98
608,340,30307,145,775,178,207,0.6
609,340,29344,36,92,389,462,0.9
610,340,3482,535,778,269,224,0.96
611,341,44198,604,194,225,218,0.97
612,341,29344,47,116,399,461,0.87
613,341,3482,563,813,266,217,0.96
614,344,44198,153,192,211,201,0.66
615,344,3482,562,812,268,219,0.95
616,344,33207,600,194,246,225,0.5
617,345,33207,574,187,235,226,0.58
618,345,3482,534,777,269,225,0.96
619,345,44198,137,185,206,201,0.62
620,345,30307,145,776,177,205,0.6
621,346,16231,643,254,182,176,0.88
622,346,27925,144,52,321,497,0.93
623,346,3482,563,812,267,217,0.95
624,347,30307,146,775,178,206,0.54
625,347,3482,533,775,271,225,0.97
626,347,16231,614,242,182,178,0.78
627,347,27925,128,44,312,483,0.94
628,349,29344,0,130,438,431,0.93
629,349,22626,613,130,221,437,0.79
630,349,3482,563,812,268,217,0.96
631,352,18109,640,122,199,460,0.96
632,352,23202,133,857,284,285,0.77
633,352,36636,110,193,333,469,0.81
634,355,19860,549,185,270,275,0.54
635,355,19551,542,584,313,510,0.86
636,355,18109,58,694,239,479,0.93
637,355,23202,550,183,270,278,0.82
638,356,19551,97,109,303,504,0.9
639,356,19860,104,801,280,274,0.66
640,356,18109,633,35,232,477,0.94
641,356,23202,103,802,282,273,0.74
642,356,12419,643,695,229,439,0.57
643,359,3482,558,812,267,218,0.95
644,359,27776,73,37,367,539,0.98
645,359,13394,627,164,224,213,0.96
646,359,30307,176,812,174,200,0.51
647,361,12777,213,170,206,409,0.82
648,372,21770,41,854,384,218,0.82
649,372,3482,597,844,282,186,0.98
650,372,29344,13,141,447,415,0.97
651,372,33207,572,195,240,226,0.57
652,374,27925,99,36,392,459,0.93
653,374,25437,67,799,336,243,0.99
654,374,3482,643,754,215,264,0.92
655,374,13394,626,185,220,214,0.95
656,379,22346,138,314,204,208,0.95
657,380,27732,286,182,183,183,0.81
658,380,22346,595,714,212,215,0.9
659,380,25468,0,546,489,511,0.68
660,382,36636,94,139,373,444,0.94
661,382,18109,593,116,283,438,0.88
662,382,23202,69,806,333,334,0.65
663,384,18109,602,69,280,469,0.91
664,384,23202,69,800,326,319,0.78
665,387,44198,132,867,230,226,0.88
666,387,3482,132,293,274,168,0.92
667,387,20013,678,256,211,195,0.65
668,387,27776,494,647,427,523,0.99
669,389,3482,617,718,213,267,0.92
670,389,25437,83,726,338,239,0.96
671,389,33207,599,186,237,227,0.68
672,389,29344,27,126,436,422,0.94
673,390,25437,114,774,340,222,0.99
674,390,3482,646,748,210,263,0.91
675,390,29344,40,156,447,418,0.96
676,392,18146,191,275,199,136,0.83
677,392,41767,686,275,172,168,0.52
678,392,5093,118,703,283,488,0.96
679,392,24849,655,897,222,211,0.93
680,393,5093,558,46,278,470,0.97
681,393,18146,585,871,203,136,0.84
682,393,24849,107,156,212,200,0.82
683,394,21770,570,230,369,215,0.76
684,394,44198,141,848,225,227,0.76
685,394,3482,124,275,271,185,0.96
686,395,3482,598,846,280,186,0.97
687,395,44198,616,193,226,218,0.98
688,395,21770,41,855,384,217,0.8
689,395,44198,170,206,212,204,0.68
690,396,44198,152,198,209,199,0.92
691,396,3482,572,808,282,193,0.96
692,396,21770,10,812,387,221,0.78
693,396,44198,588,186,221,215,0.97
694,400,18146,133,244,193,157,0.7
695,400,24849,610,769,218,207,0.85
696,400,1899,603,124,228,224,0.85
697,400,20876,2,777,376,239,0.8
698,401,18146,643,857,203,167,0.59
699,401,24849,152,295,209,194,0.8
700,401,1899,111,898,241,239,0.86
701,404,12777,19,586,282,424,0.89
702,404,22626,427,701,422,241,0.57
703,404,27732,357,148,185,183,0.78
704,409,20876,500,795,393,203,0.88
705,409,5093,0,726,467,327,0.96
706,409,18146,133,242,190,165,0.79
707,411,5093,499,198,446,314,0.81
708,411,20876,88,259,366,202,0.63
709,411,18146,647,849,199,178,0.64
710,412,36636,120,204,305,479,0.96
711,412,23202,104,810,284,290,0.59
712,412,18109,626,73,218,461,0.94
713,413,19860,102,801,282,273,0.72
714,413,36636,114,166,311,491,0.98
715,413,23202,102,802,282,275,0.53
716,413,12419,643,694,229,439,0.52
717,413,18109,631,36,235,476,0.93
718,414,18109,56,694,244,478,0.93
719,414,19860,548,186,270,273,0.69
720,414,36636,521,557,303,490,0.97
721,414,23202,549,185,270,276,0.84
722,415,3482,598,868,261,226,0.95
723,415,33207,635,180,248,225,0.53
724,415,27776,87,79,326,555,0.98
725,415,3742,126,864,222,166,0.64
726,416,27776,70,64,320,546,0.96
727,416,3742,91,825,222,175,0.79
728,416,33207,607,172,237,227,0.8
729,416,3482,571,835,263,233,0.93
730,417,3742,640,278,219,168,0.87
731,417,3482,146,219,252,222,0.92
732,417,27776,561,606,339,561,0.93
733,419,27925,551,733,424,435,0.93
734,419,3482,126,307,264,200,0.96
735,419,38161,563,253,302,274,0.82
736,419,44198,116,854,227,224,0.82
737,420,3482,578,757,270,208,0.92
738,420,38161,89,724,308,282,0.89
739,420,27925,0,76,422,414,0.92
740,420,44198,613,184,221,214,0.95
741,422,3482,149,218,251,221,0.95
742,422,29344,563,695,348,516,0.89
743,422,12246,92,906,277,164,0.84
744,422,3742,643,278,217,169,0.78
745,423,29344,80,16,330,497,0.8
746,423,3482,569,836,263,235,0.94
747,423,12246,585,195,265,152,0.95
748,423,3742,90,825,222,175,0.67
749,429,3482,605,790,272,204,0.97
750,429,29344,69,156,487,354,0.96
751,429,13394,669,180,221,214,0.85
752,429,38161,131,774,304,281,0.91
753,430,16687,183,199,200,198,0.88
754,430,25366,612,153,201,197,0.53
755,430,5093,69,610,398,412,0.99
756,431,25366,640,154,207,199,0.64
757,431,5093,98,660,396,404,0.99
758,431,16687,199,208,206,200,0.91
759,432,25366,132,906,215,208,0.51
760,432,16687,584,859,214,210,0.97
761,432,5093,494,221,390,396,0.98
762,433,38161,89,724,308,282,0.88
763,433,3482,578,757,270,208,0.93
764,433,16231,619,177,184,182,0.88
765,433,34596,90,104,345,422,0.98
766,434,3482,124,307,269,201,0.97
767,434,38161,564,253,301,274,0.87
768,434,34596,534,688,366,448,0.92
769,434,16231,144,893,193,190,0.93
770,435,34596,101,116,358,439,0.91
771,435,3482,604,791,271,205,0.98
772,435,16231,648,184,189,177,0.86
773,435,38161,123,769,305,274,0.89
774,436,3482,597,845,280,186,0.97
775,436,27776,33,119,445,502,0.98
776,436,21770,42,855,384,217,0.8
777,436,44198,616,193,227,219,0.97
778,443,18109,81,663,250,480,0.93
779,443,33008,561,191,256,246,0.96
780,443,33879,81,102,218,459,0.79
781,444,16550,88,97,322,452,0.89
782,444,18109,595,111,248,448,0.91
783,444,33879,649,697,223,477,0.69
784,444,33008,107,845,264,260,0.85
785,449,3482,586,847,283,165,0.95
786,449,29344,42,130,383,483,0.94
787,449,33207,622,183,239,228,0.66
788,452,5093,145,638,302,480,0.98
789,452,18146,646,843,185,189,0.91
790,452,22626,180,234,188,258,0.76
791,452,6562,511,249,402,212,0.71
792,454,18109,107,700,220,481,0.91
793,454,19860,563,196,271,267,0.79
794,454,19606,496,593,290,519,0.75
795,455,19606,146,93,289,516,0.71
796,455,19860,91,793,276,276,0.81
797,455,18109,606,24,211,478,0.95
798,456,19606,153,133,277,499,0.73
799,456,18109,601,69,195,457,0.95
800,456,23202,91,805,283,282,0.58
801,456,19860,92,805,281,281,0.62
802,457,19860,130,833,283,275,0.62
803,457,18109,635,62,218,484,0.96
804,457,23202,130,833,283,275,0.66
805,457,33879,620,675,243,494,0.58
806,457,19606,116,154,271,532,0.55
807,458,19860,131,842,286,287,0.55
808,458,23202,130,841,285,287,0.77
809,458,19606,122,189,262,519,0.66
810,458,18109,623,111,222,455,0.93
811,459,23202,521,161,271,267,0.57
812,459,33879,88,77,218,493,0.69
813,459,19860,521,162,270,265,0.6
814,459,19606,552,529,271,514,0.61
815,459,18109,81,654,219,487,0.92
816,460,23202,489,121,316,307,0.83
817,460,18109,97,653,200,492,0.93
818,460,19551,509,574,300,513,0.79
819,460,16547,87,119,248,391,0.81
820,462,16547,607,736,273,416,0.53
821,462,23202,117,832,334,333,0.63
822,462,19551,142,162,287,485,0.86
823,462,18109,630,110,198,454,0.96
824,463,44198,132,867,230,226,0.66
825,463,3482,130,293,275,168,0.96
826,463,20013,676,256,212,195,0.64
827,464,3482,558,810,287,176,0.94
828,464,44198,137,184,207,200,0.54
829,464,44198,595,170,220,216,0.96
830,465,44198,622,175,226,216,0.97
831,465,3482,587,846,285,165,0.96
832,468,19551,114,136,310,481,0.87
833,468,18109,605,119,194,460,0.9
834,468,33008,150,873,268,264,0.86
835,468,16547,601,749,268,412,0.53
836,469,22626,604,121,246,389,0.84
837,469,38161,122,770,307,276,0.91
838,469,3482,604,791,272,204,0.98
839,472,18356,627,850,221,136,0.87
840,472,1899,627,148,236,225,0.97
841,472,16687,149,191,205,198,0.96
842,472,29450,188,710,216,363,0.92
843,474,1899,118,881,240,236,0.96
844,474,16687,638,877,211,209,0.98
845,474,29450,595,235,206,332,0.58
846,475,18109,600,93,195,453,0.92
847,475,33879,593,703,239,513,0.64
848,475,36636,97,156,303,473,0.84
849,475,33008,119,825,262,260,0.83
850,477,36636,92,113,305,487,0.96
851,477,33008,118,813,261,251,0.9
852,477,33879,566,710,260,489,0.52
853,477,18109,604,44,209,486,0.95
854,479,27925,67,87,357,462,0.93
855,479,12246,632,176,185,245,0.98
856,479,3482,534,775,269,224,0.96
857,479,30307,146,775,177,205,0.6
858,481,16550,89,133,294,466,0.83
859,481,18109,621,110,223,456,0.94
860,481,19860,131,843,286,286,0.6
861,481,23202,130,842,285,286,0.76
862,482,4542,562,639,311,483,0.51
863,482,18109,80,653,222,489,0.92
864,482,19860,521,161,269,266,0.73
865,482,33879,84,82,227,489,0.68
866,484,27732,422,895,187,189,0.65
867,484,25468,481,110,414,531,0.67
868,485,25468,41,511,427,578,0.53
869,485,27732,329,150,182,182,0.81
870,486,27732,370,206,180,178,0.87
871,486,25468,82,607,414,585,0.78
872,487,27776,87,38,409,520,0.99
873,487,3482,604,791,271,206,0.97
874,487,16231,648,184,189,178,0.79
875,487,38161,122,769,306,275,0.89
876,493,1899,121,887,245,235,0.95
877,493,16231,687,904,157,153,0.94
878,493,18146,187,292,197,153,0.84
879,493,41767,686,275,172,168,0.57
880,494,16231,137,215,149,147,0.66
881,494,1899,589,137,231,223,0.95
882,494,18146,589,829,203,160,0.89
883,496,12246,161,293,193,250,0.84
884,496,23222,160,292,194,252,0.57
885,497,12246,580,669,204,257,0.96
886,497,27732,355,161,181,180,0.72
887,497,4377,46,650,389,384,0.53
888,499,21770,570,229,370,216,0.78
889,499,27925,532,725,429,453,0.96
890,499,3482,122,275,273,185,0.96
891,500,21770,10,812,386,219,0.83
892,500,33207,549,188,233,228,0.6
893,500,3482,571,808,281,193,0.96
894,500,27925,34,68,405,430,0.91
895,501,21770,41,854,384,217,0.85
896,501,27925,42,75,422,444,0.96
897,501,3482,597,845,281,186,0.98
898,502,3482,123,276,272,186,0.96
899,502,34596,549,727,410,411,0.96
900,502,21770,570,230,371,215,0.71
901,502,44198,140,848,229,227,0.86
902,503,34596,32,99,397,395,0.96
903,503,44198,588,188,221,216,0.96
904,503,21770,10,812,386,220,0.8
905,503,3482,569,804,287,196,0.97
906,506,22346,80,697,212,212,0.85
907,506,12080,536,631,195,301,0.95
908,506,27732,353,143,181,181,0.96
909,507,27732,394,197,181,181,0.89
910,507,12080,573,726,199,294,0.79
911,507,22346,123,782,208,204,0.59
912,508,27732,421,873,183,189,0.63
913,508,12777,538,237,332,353,0.74
914,508,13899,169,262,184,186,0.92
915,509,13899,588,782,188,190,0.96
916,509,27732,330,170,181,183,0.78
917,509,12777,46,603,347,383,0.79
918,511,27925,578,744,388,484,0.6
919,511,12246,92,906,278,164,0.87
920,511,3482,149,217,251,220,0.94
921,511,3742,645,278,217,170,0.71
922,515,34596,84,181,431,368,0.88
923,515,22626,612,133,226,434,0.86
924,515,3482,563,812,268,216,0.96
925,516,27776,480,695,443,378,0.51
926,516,3482,174,279,255,213,0.96
927,516,34596,476,698,440,375,0.97
928,516,22626,143,699,235,425,0.93
929,516,30307,638,294,168,195,0.7
930,517,3482,586,847,283,166,0.95
931,517,12246,641,208,192,248,0.96
932,517,27776,21,9,382,532,0.98
933,518,3482,556,810,288,176,0.93
934,518,27776,11,0,366,519,0.97
935,518,12246,610,202,188,245,0.99
936,519,20013,679,257,210,194,0.72
937,519,27776,599,694,376,543,0.98
938,519,3482,132,294,276,168,0.93
939,519,12246,149,803,201,253,0.95
940,520,13394,129,882,224,223,0.82
941,520,30307,640,295,168,193,0.72
942,520,3482,176,277,258,215,0.97
943,521,3482,532,776,268,224,0.97
944,521,13394,601,160,215,212,0.92
945,521,30307,145,775,177,205,0.62
946,522,13394,627,164,225,212,0.94
947,522,3482,559,812,267,218,0.95
948,525,38161,564,253,301,274,0.89
949,525,3482,124,306,268,201,0.96
950,525,16231,143,893,194,190,0.93
951,526,3482,146,218,252,221,0.96
952,526,3742,640,279,219,168,0.77
953,527,3482,598,868,258,227,0.95
954,527,3742,126,864,221,166,0.65
955,528,3482,572,835,262,233,0.95
956,528,33207,607,172,238,227,0.74
957,528,3742,91,825,223,175,0.66
958,529,44198,617,193,226,218,0.98
959,529,21770,42,855,384,218,0.81
960,529,27992,108,239,203,196,0.91
961,529,3482,597,846,281,186,0.98
962,530,3482,123,276,273,185,0.96
963,530,44198,141,847,226,227,0.78
964,530,21770,570,230,369,215,0.73
965,531,44198,589,188,220,214,0.99
966,531,21770,10,813,385,218,0.75
967,531,3482,572,808,281,193,0.96
968,532,36636,120,126,372,416,0.99
969,532,23202,70,807,332,333,0.67
970,532,18109,593,116,283,438,0.88
971,533,36636,113,79,383,428,0.98
972,533,23202,70,801,326,319,0.76
973,533,18109,602,69,279,468,0.9
974,534,23202,534,149,317,307,0.86
975,534,36636,445,697,389,434,0.99
976,534,18109,50,665,280,471,0.91
977,535,21770,84,825,343,303,0.76
978,535,12246,672,169,177,259,0.94
979,535,3482,597,846,281,184,0.98
980,535,27776,75,130,412,521,0.98
981,536,27776,58,112,407,509,0.97
982,536,21770,43,783,350,304,0.75
983,536,3482,570,808,284,192,0.97
984,536,12246,642,170,172,249,0.97
985,537,21770,573,179,328,289,0.59
986,537,3482,124,275,273,184,0.95
987,537,12246,129,832,186,261,0.84
988,537,27776,514,588,409,529,0.98
989,539,16261,14,672,343,339,0.97
990,539,12080,593,707,195,303,0.98
991,539,27732,321,134,183,182,0.82
992,540,12080,633,807,193,294,0.96
993,540,16261,56,757,339,330,0.98
994,540,27732,366,189,182,179,0.88
995,541,3742,643,278,217,167,0.82
996,541,3482,147,219,251,220,0.93
997,541,16231,145,899,194,191,0.74
998,541,27776,587,642,324,563,0.95
999,542,27776,62,30,317,538,0.97
1000,542,3482,571,835,263,234,0.95
1001,542,16231,617,172,181,180,0.86
1002,542,3742,91,825,222,175,0.7
1003,543,3482,599,867,258,227,0.94
1004,543,27776,76,38,326,559,0.96
1005,543,16231,647,175,184,183,0.88
1006,543,3742,126,865,222,165,0.64
1007,545,3482,177,277,257,215,0.96
1008,545,27992,662,863,210,206,0.84
1009,545,13394,130,882,224,223,0.85
1010,545,30307,640,295,168,193,0.7
1011,546,3482,532,776,268,222,0.96
1012,546,30307,145,774,175,206,0.62
1013,546,13394,600,160,216,212,0.93
1014,546,27992,108,198,198,195,0.95
1015,547,3482,644,748,211,263,0.91
1016,547,12246,629,211,188,250,0.96
1017,547,25437,114,775,341,223,0.98
1018,547,27992,121,242,207,196,0.8
1019,548,3482,142,294,209,250,0.93
1020,548,25437,547,292,339,231,0.83
1021,548,12246,167,798,191,257,0.91
1022,551,20013,678,256,210,196,0.52
1023,551,44198,132,868,232,225,0.73
1024,551,3482,130,294,276,167,0.96
1025,551,34596,544,681,386,432,0.96
1026,552,34596,71,141,387,423,0.98
1027,552,44198,621,176,228,215,0.96
1028,552,3482,587,846,284,165,0.96
1029,553,3482,572,808,281,192,0.97
1030,553,21770,10,811,386,221,0.83
1031,553,16231,601,214,183,179,0.83
1032,553,29344,9,75,412,446,0.95
1033,555,3482,597,845,281,186,0.98
1034,555,29344,21,102,422,441,0.97
1035,555,21770,42,854,383,217,0.81
1036,555,16231,630,220,186,184,0.86
1037,560,3482,599,867,259,227,0.95
1038,560,3742,126,865,221,165,0.61
1039,560,5093,110,68,272,480,0.78
1040,564,20876,531,841,388,193,0.78
1041,564,5093,590,106,290,475,0.99
1042,564,5885,160,806,189,182,0.72
1043,564,18146,151,253,197,163,0.56
1044,565,23202,105,809,287,290,0.62
1045,565,36636,27,170,400,420,0.89
1046,565,18109,625,75,220,459,0.95
1047,569,4542,543,572,295,519,0.62
1048,569,23202,493,164,314,302,0.82
1049,569,18109,95,657,242,477,0.93
1050,571,18146,584,871,202,135,0.82
1051,571,5093,540,51,297,461,0.99
1052,572,18146,191,275,199,135,0.83
1053,572,5093,107,709,313,480,0.98
1054,573,5093,570,61,303,469,0.99
1055,573,18146,612,906,199,127,0.86
1056,573,41767,126,865,177,175,0.63
1057,574,18109,669,79,201,485,0.95
1058,574,33879,613,664,242,507,0.6
1059,574,23202,112,823,325,328,0.83
1060,574,16550,96,183,310,475,0.74
1061,575,19551,540,543,307,485,0.52
1062,575,16550,538,547,310,482,0.55
1063,575,18109,62,638,207,491,0.9
1064,575,33879,86,91,227,479,0.73
1065,575,23202,494,120,315,311,0.8
1066,576,18109,657,120,209,459,0.96
1067,576,16550,98,212,304,472,0.8
1068,577,5093,537,70,345,427,0.99
1069,577,20876,505,794,387,205,0.85
1070,577,20237,141,789,157,152,0.61
1071,577,18146,133,246,193,157,0.61
1072,578,18146,643,858,203,165,0.55
1073,578,20876,86,259,369,201,0.6
1074,578,5093,53,722,369,451,0.99
1075,578,20237,663,337,152,145,0.73
1076,579,20876,532,840,388,194,0.81
1077,579,5093,569,76,353,440,0.99
1078,579,20237,173,827,154,146,0.54
1079,579,18146,151,255,198,155,0.61
1080,581,18146,646,850,200,175,0.68
1081,581,20876,87,258,368,201,0.72
1082,581,1899,107,907,238,235,0.79
1083,583,19860,547,184,269,270,0.74
1084,583,18109,67,680,253,479,0.93
1085,583,36636,474,638,326,482,0.99
1086,584,19860,107,815,285,286,0.79
1087,584,18109,602,96,257,446,0.93
1088,584,19860,133,872,104,80,0.64
1089,584,36636,152,135,316,460,0.98
1090,586,21770,44,784,350,305,0.81
1091,586,44198,145,198,206,198,0.63
1092,586,12246,642,170,172,249,0.96
1093,586,3482,571,808,283,193,0.96
1094,587,12246,129,832,187,261,0.66
1095,587,3482,123,274,273,184,0.95
1096,587,21770,569,178,333,291,0.72
1097,588,44198,163,203,214,203,0.76
1098,588,21770,84,826,341,304,0.73
1099,588,3482,597,846,281,186,0.98
1100,588,12246,673,169,175,258,0.96
1101,589,3742,126,864,221,165,0.67
1102,589,33207,634,178,245,229,0.64
1103,589,3482,599,868,256,226,0.96
1104,589,27925,29,110,336,492,0.94
1105,591,3482,146,218,251,221,0.95
1106,591,33207,98,853,253,238,0.51
1107,591,27925,633,646,342,501,0.69
1108,591,3742,641,278,219,167,0.8
1109,592,3482,148,218,252,220,0.95
1110,592,20013,650,904,222,207,0.66
1111,592,3742,644,278,217,170,0.75
1112,592,13394,120,846,224,223,0.83
1113,593,3482,570,835,262,234,0.93
1114,593,44198,115,156,204,198,0.51
1115,593,3742,90,825,221,174,0.72
1116,593,13394,605,193,222,215,0.93
1117,594,3482,596,869,259,227,0.95
1118,594,13394,637,200,223,213,0.92
1119,595,16231,650,292,189,187,0.8
1120,596,27732,352,164,177,181,0.9
1121,596,16231,81,736,197,193,0.83
1122,598,27732,403,875,188,190,0.88
1123,598,12246,169,334,187,255,0.8
1124,600,27732,388,226,184,178,0.89
1125,600,12246,619,722,189,256,0.91
1126,601,3482,124,307,268,200,0.95
1127,601,38161,564,253,301,275,0.87
1128,601,27776,494,629,463,494,0.97
1129,602,27776,28,106,441,476,0.93
1130,602,3482,577,757,271,209,0.93
1131,602,38161,88,723,310,282,0.87
1132,602,33207,560,217,237,227,0.82
1133,603,3482,604,791,270,204,0.98
1134,603,33207,589,227,243,227,0.51
1135,603,38161,122,769,306,276,0.91
1136,603,27776,40,124,455,489,0.97
1137,605,3482,587,846,284,165,0.96
1138,605,12246,641,208,191,247,0.94
1139,608,13394,588,725,230,227,0.91
1140,608,27732,341,194,182,182,0.8
1141,610,16231,619,222,185,181,0.89
1142,610,3482,556,809,287,177,0.95
1143,610,29344,0,113,388,441,0.94
1144,611,3482,131,293,278,168,0.95
1145,611,20013,677,257,213,195,0.69
1146,611,16231,145,848,192,188,0.94
1147,611,29344,583,654,392,460,0.93
1148,612,16231,648,232,188,179,0.88
1149,612,3482,586,847,284,166,0.94
1150,612,29344,0,142,411,437,0.97
1151,614,27732,347,155,181,183,0.91
1152,614,13899,633,727,188,191,0.89
1153,614,22346,634,726,188,194,0.64
1154,615,13899,671,821,187,184,0.91
1155,615,27732,390,213,184,177,0.9
1156,616,3482,146,218,252,220,0.95
1157,616,3742,640,278,219,167,0.75
1158,616,16231,145,900,193,187,0.87
1159,617,44198,148,177,212,202,0.59
1160,617,3482,599,868,257,228,0.95
1161,617,16231,647,175,184,184,0.9
1162,618,16231,618,172,181,179,0.84
1163,618,3742,90,826,224,175,0.51
1164,618,3482,572,836,261,233,0.94
1165,618,44198,131,171,207,197,0.61
1166,620,19551,550,635,298,511,0.7
1167,620,16547,86,79,242,388,0.83
1168,620,19860,518,149,269,266,0.84
1169,620,18109,84,634,207,493,0.92
1170,621,18109,651,83,192,486,0.95
1171,621,16547,608,779,249,408,0.53
1172,621,19551,99,58,296,504,0.8
1173,621,19860,133,847,281,274,0.79
1174,622,27732,396,890,189,189,0.78
1175,622,12777,128,290,259,295,0.8
1176,623,27732,353,151,181,184,0.62
1177,623,13899,124,748,191,192,0.68
1178,623,12777,548,624,271,311,0.7
1179,624,16231,168,841,186,183,0.59
1180,624,27732,393,208,182,180,0.81
1181,624,12777,588,712,264,313,0.85
1182,625,3482,123,307,269,201,0.97
1183,625,38161,564,253,301,273,0.87
1184,625,34596,499,690,420,407,0.94
1185,627,3482,578,757,270,208,0.94
1186,627,34596,68,146,404,377,0.95
1187,627,38161,89,722,309,282,0.92
1188,627,33207,560,217,236,227,0.74
1189,628,38161,564,253,301,275,0.9
1190,628,16231,143,893,193,190,0.91
1191,628,3482,123,306,269,202,0.97
1192,632,19606,498,602,301,509,0.51
1193,632,19551,500,602,297,508,0.8
1194,632,33008,545,183,251,247,0.92
1195,632,33879,108,95,245,479,0.54
1196,632,18109,67,659,215,487,0.9
1197,633,19551,143,145,288,481,0.8
1198,633,33008,123,848,270,263,0.81
1199,633,18109,655,108,192,458,0.94
1200,635,1899,68,751,239,236,0.97
1201,635,16687,182,198,201,199,0.94
1202,635,25366,612,153,202,196,0.57
1203,636,16687,584,859,213,209,0.98
1204,636,1899,653,279,229,221,0.73
1205,636,25366,132,905,214,209,0.5
1206,637,18109,593,115,283,437,0.9
1207,637,23202,69,807,334,334,0.66
1208,638,27925,41,158,486,345,0.76
1209,638,18109,602,69,279,468,0.9
1210,638,23202,69,800,326,320,0.75
1211,640,44198,96,298,228,224,0.62
1212,641,27732,343,125,182,184,0.92
1213,641,44198,618,705,232,231,0.91
1214,644,23202,484,118,313,304,0.81
1215,644,18109,61,644,212,487,0.88
1216,644,19606,504,610,279,529,0.67
1217,644,33879,78,92,229,480,0.59
1218,646,29344,399,629,460,434,0.86
1219,646,3482,176,279,256,213,0.96
1220,646,30307,639,294,168,194,0.69
1221,646,12246,129,830,196,253,0.89
1222,647,29344,141,193,450,414,0.9
1223,647,12246,662,179,187,250,0.94
1224,647,3482,561,812,268,219,0.96
1225,648,30307,146,775,177,205,0.53
1226,648,29344,124,162,440,420,0.96
1227,648,12246,631,176,184,244,0.99
1228,648,3482,532,775,270,223,0.96
1229,650,27732,368,178,181,181,0.9
1230,652,5093,566,67,277,462,0.98
1231,652,18146,124,258,199,149,0.71
1232,652,3543,589,694,268,454,0.99
1233,653,5093,97,692,301,484,0.97
1234,653,3543,131,130,248,418,0.99
1235,654,5093,591,74,289,473,0.98
1236,654,18146,143,269,199,145,0.7
1237,654,3543,620,735,262,444,0.99
1238,656,18356,628,850,220,135,0.82
1239,656,5093,538,174,407,394,0.99
1240,656,29450,189,710,214,363,0.92
1241,656,16687,150,191,205,198,0.92
1242,658,5093,630,9,282,481,0.96
1243,658,18146,167,246,182,181,0.88
1244,658,6562,494,822,393,263,0.75
1245,659,6191,46,750,300,296,0.7
1246,659,6562,465,786,397,271,0.75
1247,659,5093,602,7,277,469,0.96
1248,659,18146,148,240,180,178,0.95
1249,660,18146,645,846,185,187,0.94
1250,660,5093,71,744,283,496,0.97
1251,660,6191,620,225,285,286,0.52
1252,661,16231,687,295,188,186,0.81
1253,661,22346,178,302,206,208,0.86
1254,661,27732,379,881,186,188,0.87
1255,662,16231,44,748,195,186,0.87
1256,662,22346,554,722,210,214,0.91
1257,662,27732,370,161,180,185,0.87
1258,664,25437,544,292,344,231,0.89
1259,664,12246,168,799,189,257,0.91
1260,664,3482,141,295,211,251,0.94
1261,665,12246,601,203,180,245,0.98
1262,665,3482,618,716,213,268,0.89
1263,665,44198,129,182,210,204,0.58
1264,665,25437,84,726,339,239,0.95
1265,667,18109,570,106,300,461,0.85
1266,667,33008,114,823,262,249,0.89
1267,668,18109,67,636,298,465,0.86
1268,668,33008,551,201,254,243,0.69
1269,670,3482,123,275,273,184,0.96
1270,670,27992,679,848,215,205,0.62
1271,670,22626,141,704,239,435,0.89
1272,670,21770,571,179,329,289,0.67
1273,672,22626,611,117,226,400,0.96
1274,672,3482,597,846,282,186,0.98
1275,672,21770,85,825,342,304,0.73
1276,672,27992,107,222,204,197,0.98
1277,674,18146,635,893,205,135,0.59
1278,674,18109,602,157,254,450,0.62
1279,674,1899,155,890,238,235,0.84
1280,675,18146,141,240,196,129,0.82
1281,675,1899,564,134,230,224,0.57
1282,677,5093,618,15,291,452,0.98
1283,677,18146,142,241,196,127,0.86
1284,677,27652,569,631,249,481,0.76
1285,679,18109,613,99,204,454,0.94
1286,679,16550,142,166,330,462,0.67
1287,679,23202,100,809,286,287,0.72
1288,679,33879,593,690,230,478,0.7
1289,680,33879,144,112,204,452,0.85
1290,680,16550,476,602,333,472,0.6
1291,680,18109,90,673,225,480,0.94
1292,680,23202,550,184,271,276,0.65
1293,681,19860,100,801,282,274,0.64
1294,681,23202,100,801,280,273,0.58
1295,681,33879,573,697,231,461,0.5
1296,681,18109,616,52,216,481,0.94
1297,684,19231,575,715,320,425,0.5
1298,684,5093,530,83,359,440,0.98
1299,684,5093,576,715,320,425,0.78
1300,685,18109,569,108,301,461,0.87
1301,685,19606,100,13,298,519,0.67
1302,685,33008,112,822,261,250,0.86
1303,688,29344,95,184,456,400,0.95
1304,688,44198,613,183,221,214,0.96
1305,688,38161,89,723,309,283,0.9
1306,688,3482,577,757,271,209,0.94
1307,692,22626,112,687,201,435,0.79
1308,692,27992,658,837,211,202,0.71
1309,692,3482,131,293,277,168,0.94
1310,692,20013,679,257,210,194,0.7
1311,694,31884,503,236,325,254,0.54
1312,694,27732,404,852,184,188,0.6
1313,694,22626,155,276,262,406,0.8
1314,697,12080,138,260,231,266,0.99
1315,698,27732,347,174,179,182,0.89
1316,698,29870,78,630,251,372,0.6
1317,698,12080,568,676,252,285,0.98
1318,700,16231,617,172,181,180,0.84
1319,700,3482,571,835,264,233,0.95
1320,700,29344,72,128,380,395,0.79
1321,700,3742,91,825,223,175,0.56
1322,701,3482,599,867,256,227,0.95
1323,701,16231,647,176,185,183,0.83
1324,701,3742,125,864,222,166,0.52
1325,701,29344,87,146,391,407,0.52
1326,702,3482,145,219,253,220,0.94
1327,702,27776,519,688,401,423,0.9
1328,702,3742,639,278,220,167,0.8
1329,702,16231,145,900,194,189,0.87
1330,705,13394,641,207,219,211,0.93
1331,705,27992,123,198,204,195,0.95
1332,705,3482,590,872,256,229,0.95
1333,706,19860,138,874,96,77,0.52
1334,706,18109,601,96,257,447,0.92
1335,706,36636,75,136,343,468,0.82
1336,706,19860,109,815,283,284,0.76
1337,707,19860,547,185,269,270,0.63
1338,707,4542,537,632,348,488,0.69
1339,707,18109,68,680,253,478,0.94
1340,708,18109,612,48,253,476,0.95
1341,708,19860,107,806,279,273,0.75
1342,710,3482,577,757,271,209,0.94
1343,710,38161,88,722,310,283,0.89
1344,710,33207,559,218,238,226,0.68
1345,712,18109,622,110,222,456,0.93
1346,712,23202,130,841,285,287,0.76
1347,712,19860,131,842,285,286,0.52
1348,713,18109,81,652,218,489,0.93
1349,713,33879,84,82,223,489,0.65
1350,713,19860,521,162,269,265,0.72
1351,713,4542,553,600,285,517,0.72
1352,714,19860,130,833,282,274,0.8
1353,714,18109,635,62,221,484,0.95
1354,714,33879,618,665,243,506,0.57
1355,716,18109,592,113,220,453,0.94
1356,716,23202,115,796,330,326,0.77
1357,716,36636,102,158,310,465,0.95
1358,717,36636,530,606,321,493,0.93
1359,717,18109,93,658,246,476,0.92
1360,717,23202,493,163,314,302,0.83
1361,719,18146,123,260,199,148,0.78
1362,719,1899,551,181,231,224,0.94
1363,719,3543,599,690,271,452,0.97
1364,719,5885,92,810,191,187,0.78
1365,720,5885,675,287,185,178,0.88
1366,720,1899,167,843,238,235,0.95
1367,720,3543,125,134,244,421,0.99
1368,720,18146,650,856,207,154,0.59
1369,721,38161,88,722,310,283,0.92
1370,721,3482,578,756,272,209,0.91
1371,721,27776,56,157,456,475,0.89
1372,724,3543,567,673,264,455,0.98
1373,724,21324,576,164,218,216,0.76
1374,724,1899,105,737,238,230,0.94
1375,724,16687,132,178,200,198,0.95
1376,725,1899,620,302,228,222,0.8
1377,725,21324,151,872,229,228,0.67
1378,725,16687,633,886,216,210,0.85
1379,725,3543,148,147,251,419,1.0
1380,726,1899,138,775,237,226,0.97
1381,726,3543,597,711,258,446,0.99
1382,726,21324,608,170,223,215,0.85
1383,726,16687,148,184,205,199,0.95
1384,727,21770,10,810,386,221,0.85
1385,727,27925,36,158,398,439,0.92
1386,727,16231,602,213,182,180,0.81
1387,727,3482,573,808,279,192,0.96
1388,728,16231,629,221,187,184,0.88
1389,728,27925,48,172,416,450,0.95
1390,728,21770,42,854,382,218,0.86
1391,728,3482,598,846,280,185,0.97
1392,731,1899,117,770,237,230,0.88
1393,731,16687,101,160,202,198,0.95
1394,732,25366,132,916,213,210,0.55
1395,732,1899,606,266,228,220,0.57
1396,732,16687,670,899,212,210,0.94
1397,738,18146,89,259,201,128,0.86
1398,738,5093,586,90,283,461,0.98
1399,738,3543,133,643,267,452,0.99
1400,740,1899,121,806,240,233,0.86
1401,740,20237,660,275,150,143,0.61
1402,740,18146,648,827,165,200,0.93
1403,740,3543,135,130,246,417,0.99
1404,742,19606,570,542,283,524,0.8
1405,742,33008,562,192,254,247,0.97
1406,742,18109,82,662,248,480,0.92
1407,742,33879,84,100,212,462,0.75
1408,743,18109,604,62,250,479,0.9
1409,743,33008,107,832,258,251,0.9
1410,743,33879,632,710,227,447,0.75
1411,747,27732,437,194,184,177,0.81
1412,750,22626,184,200,154,266,0.51
1413,750,1899,145,790,242,232,0.98
1414,750,19231,585,130,273,407,0.83
1415,752,16687,92,196,200,199,0.96
1416,752,1899,559,136,228,223,0.94
1417,752,29450,165,672,218,363,0.9
1418,752,29666,545,777,313,243,0.62
1419,754,27732,373,198,183,178,0.82
1420,754,13394,624,762,227,220,0.9
1421,756,13394,129,320,222,223,0.89
1422,758,3482,148,218,252,221,0.94
1423,758,27776,562,650,336,562,0.94
1424,758,3742,643,279,216,169,0.84
1425,758,12246,96,906,274,164,0.89
1426,759,3482,568,835,263,234,0.93
1427,759,12246,586,195,265,153,0.95
1428,759,27776,71,22,322,542,0.94
1429,759,3742,89,825,223,175,0.79
1430,760,19231,85,705,291,449,0.96
1431,760,1899,579,203,231,225,0.82
1432,760,24849,652,800,222,209,0.76
1433,760,18146,160,259,124,197,0.57
1434,761,18146,180,271,122,191,0.59
1435,761,1899,604,210,242,225,0.94
1436,761,19231,123,749,279,434,0.97
1437,761,24849,681,835,215,199,0.68
1438,763,27776,494,634,463,494,0.96
1439,763,44198,113,853,232,226,0.87
1440,763,3482,124,307,269,201,0.96
1441,763,38161,563,253,302,275,0.86
1442,764,44198,641,188,229,218,0.99
1443,764,3482,604,790,270,206,0.97
1444,764,27776,39,119,459,488,0.98
1445,764,38161,122,769,306,275,0.9
1446,766,29344,572,731,403,476,0.95
1447,766,12246,166,799,191,256,0.92
1448,766,3482,141,295,210,249,0.93
1449,766,25437,547,293,341,230,0.94
1450,768,3482,617,718,214,267,0.9
1451,768,25437,84,726,337,240,0.95
1452,768,12246,600,205,182,247,0.97
1453,768,29344,4,24,395,455,0.96
1454,772,24849,637,877,215,200,0.64
1455,772,18146,105,272,199,120,0.93
1456,772,5093,557,74,283,486,0.98
1457,772,3543,167,687,260,444,0.99
1458,773,5093,528,67,276,468,0.98
1459,773,18146,88,260,200,127,0.81
1460,773,3543,132,644,267,451,0.98
1461,773,24849,609,844,218,208,0.85
1462,778,21770,42,855,383,217,0.85
1463,778,34596,78,164,404,402,0.85
1464,778,3482,597,845,281,185,0.98
1465,778,16231,629,220,187,184,0.87
1466,779,3482,123,276,273,185,0.97
1467,779,21770,570,230,369,215,0.68
1468,779,34596,511,682,410,404,0.96
1469,779,16231,164,858,190,186,0.9
1470,780,34596,65,146,393,392,0.96
1471,780,3482,572,808,281,192,0.97
1472,780,21770,10,812,387,220,0.77
1473,780,16231,602,214,182,179,0.84
1474,782,27732,342,184,183,184,0.84
1475,782,16261,10,628,339,335,0.8
1476,782,13899,586,728,186,193,0.73
1477,785,3482,131,293,277,167,0.95
1478,785,22626,112,686,202,441,0.78
1479,785,27925,544,690,389,485,0.91
1480,785,20013,678,257,211,195,0.68
1481,787,3742,639,278,220,168,0.76
1482,787,29344,540,651,352,511,0.94
1483,787,44198,112,855,229,226,0.91
1484,787,3482,146,218,252,221,0.96
1485,788,44198,615,183,219,214,0.97
1486,788,3742,92,825,222,175,0.59
1487,788,29344,98,64,336,490,0.58
1488,788,3482,573,835,261,233,0.94
1489,797,29666,495,854,332,163,1.0
1490,797,5093,45,526,303,480,0.98
1491,797,16687,145,192,204,196,0.95
1492,798,16687,162,198,206,200,0.89
1493,798,29666,526,896,324,152,1.0
1494,798,5093,72,579,304,468,0.98
1495,799,44198,170,178,210,201,0.85
1496,799,44198,644,186,226,216,0.97
1497,799,3482,599,869,258,226,0.95
1498,807,3742,649,279,218,168,0.7
1499,807,27925,623,704,306,518,0.74
1500,807,3482,156,215,248,220,0.94
1501,807,13394,122,841,223,221,0.92
1502,808,5093,616,48,324,459,0.96
1503,808,29450,190,709,216,359,0.84
1504,808,16687,108,207,206,200,0.96
1505,810,29450,159,665,218,364,0.91
1506,810,5093,587,40,320,447,0.98
1507,810,16687,92,199,200,199,0.94
1508,815,44198,99,710,233,227,0.96
1509,815,27732,364,170,177,183,0.9
1510,817,34596,89,149,382,426,0.94
1511,817,3482,585,847,283,164,0.97
1512,817,16231,648,232,188,178,0.86
1513,818,3482,132,293,276,167,0.96
1514,818,16231,144,848,193,188,0.95
1515,818,34596,524,670,387,435,0.97
1516,818,20013,679,257,210,195,0.68
1517,819,34596,77,135,370,409,0.97
1518,819,3482,556,809,287,176,0.96
1519,819,16231,620,222,184,180,0.91
1520,820,18109,99,687,201,488,0.94
1521,820,33879,139,109,216,457,0.72
1522,820,23202,482,144,313,309,0.71
1523,820,36636,489,645,328,483,0.99
1524,822,18109,619,76,192,460,0.9
1525,822,36636,128,127,328,460,0.99
1526,822,23202,122,810,339,330,0.52
1527,822,33879,589,702,239,465,0.79
1528,826,12777,537,317,299,391,0.88
1529,826,27732,409,861,188,192,0.67
1530,826,12080,179,204,252,257,0.96
1531,828,12777,129,571,307,413,0.9
1532,828,12080,551,861,253,251,0.9
1533,828,27732,381,238,183,178,0.71
1534,829,30307,146,775,177,205,0.53
1535,829,3482,535,776,268,224,0.96
1536,829,12246,631,176,185,244,0.99
1537,829,44198,96,167,208,201,0.83
1538,830,30307,638,294,168,193,0.67
1539,830,3482,175,278,258,214,0.97
1540,830,12246,128,831,197,253,0.85
1541,831,3482,561,811,268,219,0.95
1542,831,44198,112,174,213,202,0.86
1543,831,12246,662,178,189,251,0.97
1544,832,41767,140,867,174,175,0.69
1545,832,18146,625,895,201,131,0.78
1546,832,1899,605,162,236,223,0.97
1547,838,1899,591,161,230,224,0.97
1548,838,27652,88,615,262,479,0.52
1549,838,24849,586,797,216,207,0.64
1550,838,18146,141,240,198,128,0.86
1551,842,3482,123,307,269,201,0.96
1552,842,29344,474,664,460,433,0.91
1553,842,38161,563,253,301,274,0.83
1554,851,16547,606,736,273,416,0.61
1555,851,23202,115,832,335,333,0.61
1556,851,18109,631,110,195,455,0.96
1557,851,16550,108,168,306,470,0.81
1558,855,23202,126,809,335,331,0.72
1559,855,33879,590,697,237,471,0.66
1560,855,18109,619,77,192,458,0.89
1561,857,27732,341,136,179,182,0.9
1562,857,22346,572,745,211,212,0.92
1563,858,22346,612,834,208,204,0.94
1564,858,27732,380,191,182,179,0.79
1565,861,36636,72,114,340,448,0.99
1566,861,18109,566,153,296,432,0.87
1567,861,33008,116,833,266,261,0.77
1568,862,12246,672,169,175,258,0.95
1569,862,29344,74,134,446,416,0.94
1570,862,21770,84,825,342,304,0.79
1571,862,3482,597,846,280,184,0.97
1572,864,12246,644,168,170,250,0.97
1573,864,29344,59,107,435,421,0.93
1574,864,3482,571,808,283,193,0.97
1575,864,21770,44,783,350,304,0.85
1576,866,27732,305,173,185,185,0.86
1577,867,25468,78,609,421,581,0.72
1578,867,27732,346,233,185,180,0.87
1579,868,3482,585,847,284,166,0.93
1580,868,16231,648,232,189,178,0.9
1581,868,27776,20,49,412,521,0.98
1582,869,27776,11,36,400,508,0.98
1583,869,3482,556,809,288,176,0.93
1584,869,16231,620,222,184,181,0.89
1585,870,27776,567,667,408,537,0.98
1586,870,16231,145,848,193,188,0.94
1587,870,20013,678,257,212,195,0.7
1588,870,3482,132,293,277,167,0.88
1589,873,25468,76,610,426,580,0.77
1590,873,27732,344,224,182,180,0.93
1591,873,12777,620,664,285,425,0.94
1592,874,16231,625,221,187,183,0.8
1593,874,3482,618,717,213,267,0.9
1594,874,25437,84,726,336,239,0.95
1595,874,27776,137,145,445,488,0.98
1596,875,25437,115,774,340,223,0.99
1597,875,27776,148,167,457,494,0.98
1598,875,16231,656,232,189,177,0.84
1599,875,3482,645,748,211,264,0.91
1600,878,29344,73,124,335,495,0.68
1601,878,12246,641,208,191,248,0.95
1602,878,3482,587,846,285,165,0.95
1603,879,12246,610,202,187,245,0.99
1604,879,29344,62,102,321,493,0.55
1605,879,3482,557,810,287,175,0.95
1606,880,19551,510,603,309,506,0.81
1607,880,18109,76,659,224,490,0.91
1608,880,33879,63,92,233,483,0.63
1609,880,19860,509,160,269,264,0.71
1610,882,19551,129,92,308,507,0.87
1611,882,18109,634,60,224,481,0.96
1612,882,19860,145,836,280,273,0.88
1613,883,44198,143,228,211,206,0.6
1614,883,3482,598,845,281,186,0.98
1615,883,21770,42,855,382,217,0.79
1616,883,16231,630,220,187,185,0.88
1617,886,27732,411,893,187,189,0.66
1618,886,22626,540,255,274,406,0.74
1619,886,22346,165,283,205,209,0.88
1620,888,27732,381,208,183,177,0.88
1621,888,22346,609,833,209,205,0.84
1622,889,16231,137,849,191,186,0.98
1623,889,3482,140,295,212,252,0.94
1624,889,25437,544,292,342,231,0.96
1625,891,3482,618,717,211,267,0.89
1626,891,25437,84,726,339,239,0.95
1627,891,44198,57,172,207,196,0.67
1628,891,16231,625,222,187,180,0.86
1629,894,27925,26,31,403,433,0.96
1630,894,12246,600,205,182,247,0.98
1631,894,25437,84,726,337,238,0.97
1632,894,3482,617,718,212,266,0.88
1633,895,16687,92,221,201,200,0.96
1634,895,21324,584,772,224,222,0.83
1635,895,5093,535,36,290,460,0.99
1636,896,5093,565,44,291,472,0.98
1637,896,16687,108,233,206,198,0.85
1638,896,21324,611,812,223,213,0.82
1639,897,21324,171,274,216,212,0.76
1640,897,5093,124,722,302,484,0.98
1641,897,16687,677,836,214,209,0.95
1642,898,16687,119,172,200,197,0.89
1643,898,18146,617,203,174,186,0.6
1644,898,1899,70,778,241,236,0.98
1645,900,1899,109,821,233,226,0.95
1646,900,27652,594,632,247,473,0.81
1647,900,16687,134,177,204,201,0.92
1648,904,34596,154,49,284,473,0.91
1649,904,38161,122,769,305,276,0.91
1650,904,3482,604,791,271,205,0.98
1651,904,44198,642,188,229,216,0.99
1652,906,3482,124,306,268,201,0.97
1653,906,34596,557,718,286,485,0.77
1654,906,44198,114,854,231,225,0.64
1655,906,38161,564,253,301,274,0.9
1656,908,44198,117,715,227,225,0.92
1657,908,27732,304,195,182,184,0.96
1658,908,22346,572,745,212,213,0.91
1659,910,27925,517,696,444,436,0.89
1660,910,30307,640,296,169,193,0.65
1661,910,3482,177,278,257,214,0.96
1662,910,13394,130,880,223,228,0.9
1663,912,30307,144,774,176,206,0.62
1664,912,3482,532,776,267,224,0.96
1665,912,13394,600,160,218,215,0.93
1666,912,27925,29,110,424,415,0.94
1667,914,27732,369,123,182,185,0.92
1668,914,23222,549,700,209,257,0.99
1669,915,27732,411,180,185,180,0.94
1670,915,23222,589,790,205,249,0.98
1671,916,27925,512,677,448,426,0.86
1672,916,16231,144,893,193,190,0.93
1673,916,38161,564,253,301,274,0.89
1674,916,3482,122,307,270,200,0.97
1675,919,12246,101,883,266,177,0.73
1676,919,34596,491,673,376,441,0.92
1677,919,3482,122,308,269,201,0.97
1678,919,38161,562,253,299,275,0.89
1679,920,3482,579,755,271,208,0.95
1680,920,38161,91,724,308,283,0.89
1681,920,12246,587,201,258,172,0.77
1682,920,34596,125,119,349,423,0.95
1683,923,3482,141,295,210,251,0.93
1684,923,25437,546,292,341,231,0.95
1685,923,33207,108,836,253,240,0.55
1686,923,27925,542,709,433,447,0.97
1687,925,29344,486,622,438,458,0.84
1688,925,16231,146,899,193,190,0.82
1689,925,3742,640,279,219,167,0.76
1690,925,3482,146,218,252,221,0.93
1691,927,16231,617,172,181,180,0.87
1692,927,29344,62,144,420,437,0.96
1693,927,3482,571,835,263,233,0.95
1694,929,27776,19,35,419,496,0.97
1695,929,16231,601,213,183,180,0.77
1696,929,21770,11,812,385,220,0.77
1697,929,3482,570,807,284,194,0.96
1698,930,16231,163,858,191,187,0.87
1699,930,21770,571,229,369,215,0.69
1700,930,3482,122,276,274,184,0.95
1701,930,27776,535,680,439,523,0.99
1702,931,16231,169,921,151,148,0.61
1703,931,5093,478,249,480,256,0.83
1704,931,18146,180,270,123,192,0.53
1705,932,5093,453,223,471,263,0.82
1706,932,20237,132,888,157,153,0.61
1707,932,18146,160,259,123,195,0.57
1708,932,19231,544,677,331,430,0.86
1709,933,19231,114,168,308,397,0.86
1710,933,5093,24,740,488,272,0.97
1711,933,16231,669,256,150,145,0.86
1712,936,33879,650,695,221,478,0.7
1713,936,36636,121,206,309,479,0.68
1714,936,33008,107,845,264,259,0.84
1715,936,18109,594,111,252,448,0.88
1716,937,19606,137,113,281,508,0.79
1717,937,23202,126,808,335,332,0.71
1718,937,18109,619,77,192,460,0.92
1719,937,33879,587,689,240,484,0.64
1720,938,23202,127,801,323,320,0.8
1721,938,19606,128,72,296,521,0.76
1722,938,33879,586,685,226,477,0.59
1723,938,18109,632,32,196,484,0.94
1724,940,12777,205,229,212,410,0.72
1725,941,12777,517,551,211,443,0.86
1726,941,27732,327,144,181,180,0.88
1727,941,22346,89,711,194,194,0.54
1728,942,16231,133,800,190,188,0.57
1729,942,27732,368,199,182,181,0.91
1730,942,12777,557,645,213,439,0.9
1731,945,27925,635,641,309,515,0.75
1732,945,3482,146,218,251,222,0.96
1733,945,44198,113,855,229,225,0.92
1734,945,3742,640,279,219,167,0.79
1735,947,16231,145,848,192,188,0.94
1736,947,3482,131,293,278,168,0.92
1737,947,20013,678,257,211,195,0.69
1738,948,16231,649,232,187,178,0.87
1739,948,3482,586,847,283,165,0.95
1740,949,33207,108,837,250,239,0.54
1741,949,25437,546,293,345,229,0.84
1742,949,3482,142,295,210,250,0.94
1743,949,34596,501,718,417,405,0.97
1744,950,25437,83,726,339,239,0.93
1745,950,34596,67,115,401,384,0.92
1746,950,3482,617,718,212,266,0.89
1747,950,33207,599,186,237,226,0.63
1748,951,25437,115,774,341,222,0.99
1749,951,3482,646,748,210,262,0.92
1750,951,34596,80,129,414,396,0.86
1751,952,3482,124,276,272,185,0.96
1752,952,34596,558,645,384,431,0.98
1753,952,21770,569,230,370,216,0.73
1754,953,34596,42,157,373,416,0.94
1755,953,3482,568,805,289,196,0.96
1756,953,33207,549,188,232,228,0.7
1757,953,21770,9,811,385,221,0.82
1758,954,34596,56,174,381,430,0.77
1759,954,33207,573,195,241,226,0.52
1760,954,3482,598,846,280,184,0.98
1761,954,21770,42,854,384,218,0.84
1762,956,18146,158,252,201,118,0.78
1763,956,16231,144,866,154,150,0.6
1764,956,20237,145,867,152,147,0.54
1765,956,27652,595,676,249,474,0.7
1766,956,5093,595,0,305,445,0.98
1767,957,5093,84,788,307,483,0.98
1768,957,18146,634,895,203,132,0.58
1769,957,16231,693,300,150,144,0.74
1770,962,20237,144,851,157,151,0.64
1771,962,6562,473,777,395,278,0.72
1772,962,18146,148,242,179,178,0.88
1773,962,5093,624,105,278,474,0.97
1774,966,1899,126,853,243,235,0.93
1775,966,18146,660,903,210,148,0.74
1776,966,3543,135,130,247,417,0.99
1777,967,12777,124,298,260,296,0.87
1778,967,13394,586,307,227,222,0.85
1779,968,12777,551,615,272,312,0.71
1780,968,27732,341,157,183,184,0.91
1781,972,18146,143,242,196,127,0.81
1782,972,5093,572,13,320,439,0.99
1783,972,27652,569,630,253,480,0.93
1784,973,5093,572,81,299,469,0.99
1785,973,19231,612,710,281,444,0.95
1786,974,5885,148,849,193,189,0.55
1787,974,18146,163,257,123,196,0.54
1788,974,19231,582,671,292,450,0.88
1789,974,5093,542,72,293,460,0.99
1790,975,5093,111,688,306,480,0.98
1791,979,22346,582,710,191,193,0.62
1792,979,13899,582,710,190,191,0.88
1793,979,27732,394,158,180,183,0.73
1794,980,13899,169,312,186,191,0.64
1795,980,22346,169,310,188,193,0.58
1796,982,18109,658,119,208,461,0.95
1797,982,23202,112,831,331,333,0.68
1798,982,19551,110,137,287,481,0.92
1799,983,33879,616,665,239,505,0.59
1800,983,19551,103,83,297,503,0.9
1801,983,23202,112,824,325,327,0.84
1802,983,18109,669,78,201,487,0.94
1803,984,18109,63,639,210,490,0.88
1804,984,23202,493,120,315,311,0.8
1805,984,19551,540,610,301,510,0.94
1806,984,33879,85,88,225,482,0.66
1807,985,1899,576,184,229,224,0.89
1808,985,18146,140,221,198,148,0.74
1809,985,6562,522,808,415,227,0.93
1810,986,1899,143,838,237,234,0.94
1811,986,18146,636,898,207,155,0.8
1812,986,6562,45,237,401,219,0.75
1813,988,12246,615,200,267,149,0.93
1814,988,27992,160,182,205,197,0.89
1815,988,3742,125,865,220,165,0.5
1816,988,3482,596,869,260,227,0.95
1817,989,12246,585,195,266,152,0.97
1818,989,27992,143,175,202,193,0.87
1819,989,3482,569,836,262,235,0.95
1820,989,3742,90,825,222,174,0.67
1821,990,3482,149,217,251,220,0.95
1822,990,3742,646,278,216,169,0.79
1823,990,12246,92,907,277,164,0.87
1824,990,27992,625,887,214,206,0.7
1825,991,21324,584,772,225,222,0.8
1826,991,16687,91,221,201,200,0.96
1827,991,1899,573,221,227,224,0.9
1828,993,16687,108,232,207,200,0.91
1829,993,21324,612,811,222,214,0.79
1830,993,1899,600,233,235,223,0.96
1831,994,34596,507,751,389,430,0.98
1832,994,3482,131,293,277,168,0.96
1833,994,20013,678,257,210,195,0.68
1834,996,3482,586,847,283,165,0.97
1835,996,34596,101,67,386,425,0.79
1836,996,33207,622,183,239,228,0.59
1837,997,5093,586,58,281,472,0.97
1838,997,18146,148,241,179,177,0.91
1839,997,6562,457,812,420,218,0.87
1840,997,5885,124,806,192,188,0.61
1841,998,6562,487,853,414,210,0.87
1842,998,5093,618,65,278,484,0.97
1843,998,18146,166,246,182,182,0.91
1844,999,6562,105,243,401,207,0.78
1845,999,18146,646,845,185,187,0.91
1846,999,5093,85,691,289,489,0.97
1847,1003,38161,122,768,306,275,0.9
1848,1003,16231,647,184,190,178,0.81
1849,1003,3482,604,790,270,205,0.98
1850,1003,29344,36,159,447,415,0.97
1851,1004,38161,564,253,301,274,0.86
1852,1004,3482,123,307,269,201,0.96
1853,1004,16231,143,893,194,191,0.93
1854,1004,29344,509,658,459,437,0.9
1855,1005,29344,21,128,432,422,0.95
1856,1005,38161,89,722,309,283,0.92
1857,1005,3482,578,757,270,209,0.9
1858,1005,16231,620,178,184,182,0.79
1859,1006,21770,41,854,383,218,0.86
1860,1006,27925,42,173,439,423,0.96
1861,1006,3482,597,845,280,186,0.98
1862,1006,44198,615,192,228,219,0.98
1863,1007,21770,10,812,386,220,0.83
1864,1007,27925,27,158,428,415,0.93
1865,1007,44198,589,188,221,216,0.94
1866,1007,3482,572,808,281,193,0.97
1867,1009,33207,550,187,230,229,0.58
1868,1009,21770,9,812,387,220,0.78
1869,1009,27992,77,196,204,194,0.79
1870,1009,3482,572,808,282,192,0.97
1871,1010,33207,573,195,239,226,0.53
1872,1010,21770,41,854,384,218,0.82
1873,1010,3482,597,845,281,186,0.98
1874,1010,27992,94,205,208,197,0.85
1875,1012,18146,142,242,196,126,0.83
1876,1012,27652,569,631,253,480,0.85
1877,1012,1899,609,158,233,223,0.89
1878,1013,1899,105,866,239,237,0.88
1879,1013,18146,634,892,204,134,0.62
1880,1014,27652,599,677,245,475,0.81
1881,1014,18146,157,253,201,119,0.69
1882,1014,1899,638,163,237,224,0.98
1883,1015,25437,115,773,342,223,0.98
1884,1015,34596,61,119,398,410,0.9
1885,1015,3482,645,748,212,264,0.94
1886,1015,22626,657,176,219,411,0.86
1887,1016,34596,532,714,406,418,0.97
1888,1016,25437,544,294,343,229,0.93
1889,1016,3482,141,296,210,250,0.93
1890,1016,22626,98,676,237,422,0.95
1891,1018,34596,436,741,482,305,0.76
1892,1018,38161,436,740,477,307,0.52
1893,1018,3482,124,307,268,201,0.96
1894,1018,38161,562,251,295,269,0.89
1895,1018,13394,89,863,225,224,0.88
1896,1019,13394,670,182,221,213,0.83
1897,1019,38161,129,775,305,280,0.9
1898,1019,3482,604,792,271,205,0.98
1899,1020,13394,637,177,218,216,0.93
1900,1020,3482,578,758,270,206,0.94
1901,1020,38161,94,731,308,278,0.87
1902,1022,5093,624,19,279,470,0.97
1903,1022,18146,148,241,179,178,0.92
1904,1022,24849,582,807,217,207,0.74
1905,1022,6562,35,806,416,218,0.87
1906,1023,5093,656,20,285,490,0.95
1907,1023,6562,71,848,411,209,0.92
1908,1023,24849,610,842,213,200,0.58
1909,1023,18146,166,247,181,182,0.93
1910,1025,25437,544,292,346,232,0.93
1911,1025,3482,141,294,211,251,0.94
1912,1026,44198,132,203,213,200,0.68
1913,1026,3482,645,748,211,263,0.91
1914,1026,25437,115,774,339,223,0.98
1915,1027,23222,188,282,199,236,0.99
1916,1027,13899,600,264,185,184,0.51
1917,1027,27732,355,885,185,189,0.84
1918,1028,27732,391,159,182,182,0.85
1919,1028,23222,548,699,210,256,0.99
1920,1029,23222,587,790,205,246,0.98
1921,1029,22346,177,866,189,192,0.72
1922,1029,27732,436,216,183,179,0.86
1923,1029,13899,179,867,186,189,0.55
1924,1030,38161,90,723,308,283,0.9
1925,1030,3482,578,757,272,208,0.94
1926,1030,22626,572,108,244,388,0.8
1927,1030,29344,42,145,444,414,0.86
1928,1034,12246,92,907,277,163,0.85
1929,1034,3742,640,278,219,167,0.78
1930,1034,3482,147,217,251,221,0.95
1931,1039,44198,123,211,213,206,0.5
1932,1039,33207,572,195,240,226,0.53
1933,1039,3482,598,846,280,186,0.98
1934,1039,21770,41,855,384,218,0.81
1935,1041,3482,122,276,273,184,0.96
1936,1041,21770,570,231,370,214,0.72
1937,1041,35205,655,852,222,209,0.6
1938,1043,29870,50,626,269,351,0.66
1939,1043,27732,313,172,182,182,0.76
1940,1043,22626,512,592,246,447,0.56
1941,1044,29870,93,723,269,351,0.62
1942,1044,27732,354,227,183,180,0.82
1943,1045,13394,596,176,215,217,0.87
1944,1045,44198,131,211,212,202,0.51
1945,1045,3482,616,718,213,266,0.9
1946,1045,25437,36,749,337,260,0.97
1947,1046,3482,645,749,211,262,0.91
1948,1046,44198,149,222,213,199,0.56
1949,1046,13394,624,182,220,214,0.95
1950,1046,25437,69,801,339,240,0.99
1951,1047,3482,142,294,210,250,0.92
1952,1047,25437,591,258,338,240,0.94
1953,1047,13394,134,861,226,225,0.8
1954,1050,19860,132,848,281,273,0.72
1955,1050,36636,93,183,342,463,0.85
1956,1050,16547,608,778,249,408,0.56
1957,1050,18109,652,81,191,488,0.94
1958,1051,19860,550,184,270,276,0.67
1959,1051,33879,145,112,203,453,0.84
1960,1051,23202,552,183,269,276,0.64
1961,1051,18109,92,672,222,481,0.93
1962,1053,29344,82,84,376,462,0.65
1963,1053,19860,100,801,282,273,0.7
1964,1053,33879,576,698,229,460,0.58
1965,1053,18109,619,50,211,484,0.95
1966,1053,23202,100,801,280,272,0.7
1967,1055,27776,45,26,427,494,0.95
1968,1055,3482,567,766,274,204,0.94
1969,1055,38161,83,730,315,271,0.89
1970,1055,13394,648,184,216,213,0.91
1971,1056,38161,119,774,310,266,0.91
1972,1056,13394,676,191,224,213,0.89
1973,1056,3482,599,799,271,201,0.93
1974,1056,27776,57,41,441,502,0.98
1975,1057,18109,605,62,247,478,0.9
1976,1057,33879,633,710,225,449,0.75
1977,1057,33008,106,830,258,253,0.77
1978,1058,33879,654,699,216,474,0.74
1979,1058,4542,95,126,318,483,0.52
1980,1058,18109,595,111,248,449,0.89
1981,1058,33008,107,845,264,260,0.76
1982,1060,33008,551,208,254,245,0.81
1983,1060,18109,118,675,210,490,0.93
1984,1064,3482,597,845,282,185,0.98
1985,1064,29344,52,128,456,418,0.87
1986,1064,44198,615,193,228,219,0.97
1987,1064,21770,42,854,384,218,0.83
1988,1065,29344,486,683,462,434,0.89
1989,1065,44198,139,847,228,228,0.82
1990,1065,3482,123,276,272,185,0.96
1991,1065,21770,570,230,369,215,0.71
1992,1067,3482,131,293,276,168,0.92
1993,1067,20013,679,257,210,195,0.7
1994,1067,27776,553,665,407,543,0.98
1995,1069,18146,625,895,200,131,0.8
1996,1069,41767,140,867,175,175,0.69
1997,1069,1899,640,164,240,227,0.98
1998,1070,41767,674,273,174,168,0.57
1999,1070,18146,175,280,202,139,0.72
2000,1070,1899,103,865,239,234,0.96
2001,1073,27992,115,197,199,193,0.97
2002,1073,3482,532,776,269,223,0.96
2003,1073,12246,632,177,184,243,0.98
2004,1073,30307,145,775,176,205,0.61
2005,1075,5093,93,592,327,465,0.99
2006,1075,16687,101,161,202,199,0.9
2007,1076,5093,541,190,316,441,0.99
2008,1076,16687,670,899,212,212,0.93
2009,1076,25366,132,916,213,210,0.6
2010,1077,5093,131,641,319,463,0.99
2011,1077,16687,117,167,206,198,0.91
2012,1079,25437,67,799,338,242,0.99
2013,1079,27992,122,219,205,195,0.93
2014,1079,13394,625,185,220,214,0.95
2015,1079,3482,642,755,210,261,0.92
2016,1080,3482,614,717,217,270,0.93
2017,1080,13394,597,179,216,216,0.89
2018,1080,25437,34,747,335,262,0.97
2019,1080,27992,103,208,201,197,0.79
2020,1081,18146,612,905,200,128,0.83
2021,1081,5093,479,203,452,326,0.94
2022,1081,41767,127,865,177,175,0.61
2023,1085,25437,85,725,336,237,0.98
2024,1085,3482,619,712,215,272,0.9
2025,1085,27925,33,132,431,405,0.89
2026,1085,16231,625,222,187,182,0.87
2027,1087,3543,564,674,262,454,0.99
2028,1087,5093,87,586,292,485,0.98
2029,1087,16687,133,174,202,200,0.93
2030,1087,21324,620,203,220,215,0.73
2031,1089,16687,635,888,213,209,0.9
2032,1089,21324,106,834,229,223,0.82
2033,1089,3543,152,147,249,419,1.0
2034,1089,5093,589,182,284,459,0.98
2035,1092,1899,84,915,241,234,0.6
2036,1092,27925,564,208,326,293,0.56
2037,1092,29344,136,239,243,232,0.5
2038,1092,18146,653,849,207,158,0.54
2039,1093,3482,146,218,252,221,0.95
2040,1093,29344,502,687,457,441,0.86
2041,1093,3742,641,278,218,168,0.79
2042,1095,3742,126,864,221,166,0.68
2043,1095,3482,599,867,258,227,0.94
2044,1095,29344,43,119,448,421,0.86
2045,1095,33207,636,178,246,228,0.61
2046,1096,16687,93,196,200,199,0.92
2047,1096,29450,165,671,218,364,0.84
2048,1096,5093,482,114,435,326,0.84
2049,1097,29450,196,715,215,360,0.92
2050,1097,16687,107,206,205,199,0.92
2051,1097,5093,509,126,444,330,0.92
2052,1098,29450,586,230,205,333,0.63
2053,1098,29666,122,254,297,234,0.52
2054,1098,16687,679,860,212,210,0.94
2055,1098,5093,21,784,464,345,0.97
2056,1100,27776,43,93,423,497,0.95
2057,1100,30307,145,774,176,206,0.66
2058,1100,3482,533,776,268,224,0.95
2059,1100,12246,631,177,185,243,0.98
2060,1101,12246,660,180,192,253,0.94
2061,1101,30307,176,812,175,200,0.51
2062,1101,3482,559,812,267,217,0.95
2063,1101,27776,56,114,433,502,0.98
2064,1105,3482,604,791,273,204,0.98
2065,1105,38161,122,769,307,277,0.91
2066,1105,22626,604,120,246,390,0.88
2067,1105,27992,113,209,205,199,0.66
2068,1109,33207,622,182,240,229,0.56
2069,1109,44198,140,224,212,200,0.58
2070,1109,3482,586,846,285,167,0.96
2071,1111,3482,555,810,287,177,0.95
2072,1111,13394,602,174,218,218,0.94
2073,1114,34596,554,691,400,424,0.98
2074,1114,3482,131,294,277,167,0.96
2075,1114,20013,679,257,211,195,0.68
2076,1114,22626,112,686,202,440,0.79
2077,1115,34596,39,120,378,408,0.95
2078,1115,3482,556,810,288,176,0.96
2079,1115,22626,653,144,199,396,0.7
2080,1116,3482,586,847,284,164,0.97
2081,1116,22626,678,147,202,427,0.83
2082,1116,34596,46,135,391,417,0.83
2083,1118,1899,100,885,243,234,0.92
2084,1118,29450,592,236,205,333,0.7
2085,1118,16687,679,860,214,210,0.91
2086,1119,1899,641,146,238,228,0.98
2087,1119,29450,191,708,218,360,0.94
2088,1119,16687,108,207,206,200,0.94
2089,1121,3482,125,274,271,184,0.95
2090,1121,13394,140,872,226,225,0.84
2091,1121,21770,571,179,331,288,0.67
2092,1123,3482,123,307,270,200,0.96
2093,1123,27925,497,663,447,437,0.94
2094,1123,38161,563,253,303,274,0.9
2095,1125,3482,604,790,270,204,0.98
2096,1125,27925,63,159,431,422,0.97
2097,1125,38161,122,768,306,275,0.88
2098,1126,3482,142,294,211,250,0.91
2099,1126,25437,547,292,341,231,0.93
2100,1126,27776,505,723,470,488,0.95
2101,1126,33207,108,836,250,239,0.61
2102,1129,3482,125,306,267,202,0.96
2103,1129,38161,563,253,301,273,0.9
2104,1129,44198,116,854,227,223,0.74
2105,1135,5093,609,54,277,479,0.98
2106,1135,20876,530,841,391,193,0.75
2107,1135,18146,151,253,196,164,0.53
2108,1136,5093,93,703,293,491,0.96
2109,1136,18146,645,853,201,173,0.67
2110,1136,20876,85,259,369,201,0.6
2111,1138,29344,29,93,365,473,0.57
2112,1138,44198,594,170,221,218,0.97
2113,1138,3482,558,810,287,175,0.94
2114,1140,3482,587,846,284,166,0.95
2115,1140,44198,621,176,227,216,0.97
2116,1140,29344,41,116,383,476,0.93
2117,1141,19606,572,573,296,500,0.72
2118,1141,18109,67,637,299,464,0.88
2119,1141,19551,573,568,294,504,0.8
2120,1141,33008,552,200,253,244,0.65
2121,1142,18109,570,107,299,462,0.88
2122,1142,19551,73,131,292,499,0.78
2123,1142,33008,114,823,263,251,0.88
2124,1143,18109,565,148,297,437,0.86
2125,1143,19551,78,181,285,480,0.83
2126,1143,33008,116,834,265,261,0.77
2127,1144,3482,597,845,281,185,0.97
2128,1144,27776,42,162,445,501,0.97
2129,1144,33207,575,195,239,227,0.65
2130,1144,21770,41,854,382,217,0.81
2131,1148,16231,144,734,193,189,0.69
2132,1148,27732,385,160,181,186,0.64
2133,1148,12777,548,624,270,310,0.6
2134,1149,27732,427,221,184,178,0.81
2135,1149,12777,589,712,265,314,0.84
2136,1149,16231,187,823,192,185,0.65
2137,1150,3482,558,812,268,219,0.96
2138,1150,29344,80,55,400,463,0.95
2139,1150,13394,627,165,225,213,0.96
2140,1153,3482,599,867,257,227,0.95
2141,1153,16231,647,175,185,184,0.88
2142,1153,27992,146,208,206,196,0.91
2143,1153,3742,126,865,221,165,0.58
2144,1154,3482,573,836,261,233,0.93
2145,1154,27992,127,200,201,193,0.78
2146,1154,3742,91,826,222,175,0.59
2147,1154,16231,617,172,180,179,0.91
2148,1155,3482,146,218,252,220,0.96
2149,1155,27992,641,860,210,204,0.76
2150,1155,16231,145,900,193,188,0.82
2151,1155,3742,640,278,220,167,0.79
2152,1156,27732,393,858,187,188,0.81
2153,1156,23222,180,279,208,234,0.97
2154,1157,27732,356,182,182,184,0.76
2155,1157,23222,549,709,219,247,0.98
2156,1158,23222,589,798,210,241,0.97
2157,1158,27732,396,242,183,179,0.85
2158,1159,16231,647,296,187,190,0.73
2159,1161,16231,131,817,188,185,0.76
2160,1161,27732,388,281,183,177,0.76
2161,1163,6562,493,810,405,231,0.94
2162,1163,16687,119,184,206,202,0.85
2163,1163,5093,43,601,300,472,0.97
2164,1163,21324,658,199,222,212,0.87
2165,1164,6562,467,767,410,244,0.88
2166,1164,5093,15,554,298,478,0.98
2167,1164,16687,101,178,203,201,0.92
2168,1164,21324,626,191,218,214,0.84
2169,1166,27925,574,683,384,480,0.95
2170,1166,21770,571,178,330,291,0.66
2171,1166,3482,124,274,272,184,0.97
2172,1166,12246,129,833,185,261,0.69
2173,1167,21770,84,825,341,304,0.78
2174,1167,27925,44,90,380,473,0.94
2175,1167,12246,671,169,177,260,0.95
2176,1167,3482,596,846,282,185,0.98
2177,1168,34596,43,15,338,423,0.96
2178,1168,21770,43,784,351,302,0.83
2179,1168,3482,571,808,283,192,0.97
2180,1168,13394,587,168,219,216,0.91
2181,1170,34596,49,19,366,443,0.82
2182,1170,3482,595,846,282,185,0.98
2183,1170,13394,619,171,222,216,0.92
2184,1170,21770,83,825,343,303,0.76
2185,1171,16687,120,183,203,197,0.92
2186,1171,21324,92,788,224,218,0.8
2187,1171,1899,579,745,238,232,0.95
2188,1173,16687,649,878,211,210,0.92
2189,1173,21324,644,262,216,210,0.64
2190,1173,1899,160,287,231,221,0.88
2191,1174,3482,133,293,277,166,0.94
2192,1174,34596,576,755,394,426,0.98
2193,1174,20013,679,257,213,196,0.67
2194,1174,13394,124,863,228,225,0.88
2195,1176,3482,585,847,283,165,0.97
2196,1176,13394,629,181,224,213,0.91
2197,1176,34596,37,69,382,422,0.9
2198,1178,30307,145,776,177,206,0.71
2199,1178,27776,94,43,408,506,0.97
2200,1178,3482,534,777,269,225,0.95
2201,1178,44198,576,190,219,214,0.95
2202,1180,27732,397,918,186,189,0.86
2203,1180,23222,187,306,165,227,0.9
2204,1180,22361,187,304,165,229,0.86
2205,1180,31884,492,231,328,257,0.64
2206,1184,18146,190,275,199,135,0.89
2207,1184,1899,142,881,243,234,0.97
2208,1184,41767,686,275,173,168,0.51
2209,1185,18146,612,905,200,128,0.88
2210,1185,41767,127,866,177,175,0.7
2211,1185,1899,600,150,237,226,0.97
2212,1186,36636,517,561,320,485,0.99
2213,1186,23202,550,183,271,276,0.59
2214,1186,18109,90,674,225,480,0.94
2215,1186,33879,145,110,202,455,0.83
2216,1187,33879,578,697,227,460,0.67
2217,1187,36636,114,164,316,481,0.98
2218,1187,23202,101,802,280,272,0.61
2219,1187,18109,618,51,216,482,0.94
2220,1187,19860,100,801,281,273,0.66
2221,1189,12419,606,706,223,452,0.5
2222,1189,16550,104,139,303,478,0.73
2223,1189,23202,114,783,325,323,0.75
2224,1189,18109,594,68,234,477,0.92
2225,1190,16550,110,174,293,470,0.81
2226,1190,23202,116,796,331,327,0.62
2227,1190,18109,591,112,221,453,0.94
2228,1191,18109,94,658,242,476,0.93
2229,1191,23202,493,165,314,301,0.84
2230,1191,16550,539,587,298,481,0.62
2231,1192,5093,90,696,286,491,0.96
2232,1192,20876,93,259,364,201,0.7
2233,1194,20876,531,841,390,193,0.78
2234,1194,5093,615,59,277,480,0.97
2235,1194,18146,151,253,195,163,0.62
2236,1196,30307,638,293,168,195,0.74
2237,1196,3482,175,278,254,212,0.97
2238,1196,22626,144,695,233,429,0.93
2239,1197,22626,614,132,222,433,0.81
2240,1197,3482,561,811,267,217,0.95
2241,1198,3482,563,813,267,219,0.95
2242,1198,44198,606,194,226,217,0.97
2243,1198,44198,128,213,211,202,0.74
2244,1199,30307,640,293,167,193,0.65
2245,1199,3482,174,276,256,214,0.97
2246,1199,44198,149,847,234,227,0.64
2247,1201,16687,103,824,178,175,0.62
2248,1201,1899,584,210,232,224,0.92
2249,1201,16687,143,190,203,196,0.92
2250,1201,18146,587,816,206,155,0.75
2251,1204,13899,687,266,183,183,0.86
2252,1206,27732,396,223,181,180,0.86
2253,1206,13899,91,856,189,184,0.61
2254,1206,22346,90,853,190,187,0.63
2255,1207,16231,156,828,184,188,0.96
2256,1207,3482,174,279,256,213,0.96
2257,1207,30307,638,293,168,194,0.69
2258,1209,27992,102,258,203,196,0.76
2259,1209,16231,643,254,182,175,0.87
2260,1209,3482,563,813,268,217,0.95
2261,1210,3482,646,748,210,262,0.94
2262,1210,25437,115,774,341,222,0.99
2263,1210,29344,66,141,470,384,0.95
2264,1210,22626,658,173,218,416,0.77
2265,1212,29344,454,703,486,408,0.94
2266,1212,22626,96,676,237,421,0.91
2267,1212,25437,544,293,340,230,0.94
2268,1212,3482,140,295,211,251,0.92
2269,1213,33008,121,838,261,250,0.86
2270,1213,18109,658,61,199,483,0.94
2271,1213,16550,109,9,312,478,0.79
2272,1214,18109,656,107,193,459,0.95
2273,1214,33008,122,848,271,263,0.79
2274,1214,16550,113,54,304,471,0.87
2275,1216,5093,625,176,269,465,0.97
2276,1216,16687,661,864,211,210,0.95
2277,1216,21324,132,846,226,223,0.74
2278,1219,16687,102,241,203,198,0.92
2279,1219,5093,67,583,329,463,0.99
2280,1219,21324,649,206,220,215,0.64
2281,1220,16687,120,252,207,201,0.8
2282,1220,21324,679,213,223,214,0.68
2283,1220,5093,96,628,331,456,0.99
2284,1220,19231,604,702,279,443,0.79
2285,1222,3482,557,809,287,176,0.95
2286,1222,12246,610,203,188,245,0.99
2287,1222,27925,96,106,302,485,0.87
2288,1224,12246,641,208,192,248,0.96
2289,1224,27925,118,115,300,504,0.92
2290,1224,3482,586,846,284,165,0.96
2291,1226,3482,599,868,259,227,0.94
2292,1226,27776,116,0,322,552,0.89
2293,1226,3742,126,865,220,165,0.69
2294,1227,3482,146,218,252,221,0.94
2295,1227,3742,640,278,219,167,0.82
2296,1227,27776,548,681,335,570,0.93
2297,1232,25437,595,259,338,240,0.98
2298,1232,27776,540,654,412,534,0.98
2299,1232,3482,143,293,210,249,0.87
2300,1232,13394,134,860,224,224,0.87
2301,1235,5885,160,807,189,182,0.68
2302,1235,20876,531,841,390,194,0.75
2303,1235,1899,617,145,240,226,0.97
2304,1235,18146,151,253,197,163,0.73
2305,1237,1899,610,188,239,225,0.99
2306,1237,3543,166,687,260,445,0.99
2307,1237,18146,106,272,199,120,0.95
2308,1238,1899,134,845,238,234,0.92
2309,1238,18146,685,881,206,128,0.9
2310,1238,3543,572,175,252,421,0.99
2311,1239,1899,583,181,234,225,0.94
2312,1239,18146,88,259,202,128,0.93
2313,1239,3543,133,644,268,451,0.99
2314,1242,18146,159,258,122,196,0.63
2315,1242,5093,545,90,287,469,0.98
2316,1242,19231,85,704,294,450,0.93
2317,1243,3482,604,791,271,205,0.98
2318,1243,34596,63,131,367,432,0.8
2319,1243,38161,122,769,307,276,0.92
2320,1243,22626,604,120,245,392,0.84
2321,1244,34596,561,684,379,433,0.98
2322,1244,22626,133,737,255,399,0.52
2323,1244,3482,126,308,264,200,0.96
2324,1244,38161,563,253,302,275,0.78
2325,1245,34596,46,117,363,417,0.95
2326,1245,3482,578,756,273,208,0.96
2327,1245,38161,90,724,308,282,0.87
2328,1245,22626,572,109,246,386,0.84
2329,1246,29344,51,85,392,458,0.6
2330,1246,33207,574,187,235,227,0.51
2331,1246,3482,534,777,268,225,0.96
2332,1248,3482,175,277,257,213,0.97
2333,1248,30307,639,293,168,194,0.61
2334,1248,29344,527,660,413,483,0.78
2335,1250,23202,101,810,285,286,0.71
2336,1250,18109,613,96,204,457,0.94
2337,1250,4542,112,81,282,498,0.53
2338,1250,33879,594,691,227,476,0.68
2339,1251,33879,144,114,203,450,0.83
2340,1251,18109,90,674,225,481,0.93
2341,1251,4542,553,649,294,520,0.53
2342,1251,23202,550,184,270,275,0.67
2343,1252,13394,626,185,220,214,0.94
2344,1252,34596,70,69,400,417,0.9
2345,1252,3482,643,754,209,262,0.92
2346,1252,25437,66,798,336,243,0.99
2347,1254,25437,33,749,336,259,0.98
2348,1254,34596,60,67,381,399,0.96
2349,1254,3482,615,721,211,265,0.93
2350,1254,13394,597,180,215,216,0.89
2351,1256,3543,134,130,247,418,0.99
2352,1256,5093,96,663,297,486,0.95
2353,1256,18146,647,827,166,200,0.79
2354,1261,3482,585,847,282,165,0.96
2355,1261,27992,141,169,204,196,0.93
2356,1261,16231,648,231,188,178,0.86
2357,1262,3482,555,810,288,176,0.93
2358,1262,16231,619,221,185,180,0.88
2359,1262,27992,123,162,204,196,0.8
2360,1263,3482,131,292,277,168,0.94
2361,1263,16231,145,848,192,187,0.94
2362,1263,20013,677,257,212,195,0.72
2363,1263,27992,645,901,212,205,0.68
2364,1264,12246,224,317,210,241,0.95
2365,1264,27732,392,862,184,190,0.92
2366,1265,22346,79,703,212,214,0.9
2367,1265,12246,501,661,218,255,0.84
2368,1265,27732,358,180,181,182,0.82
2369,1266,12246,540,750,210,246,0.95
2370,1266,22346,122,791,208,203,0.84
2371,1266,27732,399,238,180,179,0.76
2372,1269,23222,611,757,182,264,0.98
2373,1269,12246,218,769,210,239,0.97
2374,1269,27732,363,233,182,179,0.84
2375,1270,1899,117,852,239,235,0.93
2376,1272,1899,629,178,237,227,0.98
2377,1272,18146,158,252,198,118,0.78
2378,1272,27652,598,676,243,474,0.71
2379,1273,18109,111,675,219,487,0.94
2380,1273,33008,550,207,252,244,0.83
2381,1273,19606,548,596,304,518,0.78
2382,1273,33879,116,43,234,496,0.52
2383,1274,18109,604,39,210,491,0.95
2384,1274,33008,118,813,260,250,0.89
2385,1274,19606,112,84,290,519,0.69
2386,1278,12080,616,702,200,298,0.91
2387,1278,27732,416,257,183,177,0.72
2388,1278,44198,618,702,198,298,0.5
2389,1279,3543,126,136,242,418,0.99
2390,1279,5093,95,765,295,496,0.96
2391,1279,5885,676,289,185,175,0.84
2392,1279,18146,651,856,207,154,0.51
2393,1280,3543,597,690,271,453,0.99
2394,1280,5093,574,0,281,456,0.97
2395,1280,18146,124,259,199,148,0.82
2396,1280,5885,92,810,193,187,0.76
2397,1282,36636,507,594,308,491,0.89
2398,1282,18109,62,638,207,491,0.89
2399,1282,23202,493,120,316,310,0.76
2400,1282,33879,91,77,219,491,0.67
2401,1284,36636,128,124,317,492,0.96
2402,1284,18109,669,77,201,487,0.94
2403,1284,23202,111,821,328,329,0.69
2404,1284,33879,618,663,238,507,0.56
2405,1290,19231,586,531,269,444,0.97
2406,1290,1899,532,139,235,224,0.87
2407,1290,18146,164,257,122,196,0.65
2408,1290,6191,46,723,300,298,0.65
2409,1293,3482,535,777,268,225,0.97
2410,1293,44198,574,189,222,215,0.94
2411,1293,34596,114,80,307,450,0.92
2412,1293,30307,146,776,176,205,0.52
2413,1294,29344,8,48,420,452,0.96
2414,1294,3482,586,846,285,165,0.94
2415,1294,22626,678,144,204,433,0.67
2416,1295,3482,556,809,287,176,0.93
2417,1295,29344,0,27,402,452,0.87
2418,1295,22626,653,143,197,398,0.7
2419,1296,3482,131,293,277,168,0.93
2420,1296,22626,112,685,202,440,0.85
2421,1296,29344,572,730,403,475,0.85
2422,1296,20013,679,257,210,195,0.73
2423,1297,16687,645,921,213,211,0.93
2424,1297,1899,155,248,226,220,0.83
2425,1297,25366,158,891,213,209,0.54
2426,1298,1899,614,829,238,227,0.98
2427,1298,16687,139,145,206,200,0.86
2428,1300,27776,63,115,463,479,0.97
2429,1300,13394,629,180,225,215,0.93
2430,1300,3482,585,847,283,166,0.93
2431,1302,27776,49,93,454,475,0.95
2432,1302,13394,602,177,218,214,0.95
2433,1302,3482,555,810,289,176,0.92
2434,1305,5093,86,667,328,472,0.99
2435,1305,18109,603,158,253,450,0.69
2436,1305,18146,636,893,204,135,0.5
2437,1309,3482,127,307,264,200,0.96
2438,1309,38161,562,250,296,268,0.87
2439,1309,13394,89,862,225,224,0.87
2440,1311,3482,577,757,272,208,0.94
2441,1311,13394,636,176,220,216,0.92
2442,1311,44198,173,186,208,201,0.69
2443,1311,38161,94,731,308,278,0.83
2444,1312,16550,67,59,331,481,0.79
2445,1312,18109,613,47,253,476,0.95
2446,1312,19860,107,804,280,276,0.78
2447,1315,27732,424,880,186,190,0.53
2448,1316,27732,329,164,181,185,0.84
2449,1322,18109,91,672,223,481,0.93
2450,1322,19606,484,590,340,504,0.73
2451,1322,23202,550,183,270,276,0.62
2452,1322,33879,144,110,204,455,0.82
2453,1323,18109,616,52,215,482,0.95
2454,1323,19606,133,109,336,495,0.53
2455,1323,23202,103,801,279,273,0.63
2456,1323,33879,579,697,227,459,0.7
2457,1323,19860,100,801,281,273,0.74
2458,1326,27732,369,245,181,179,0.75
2459,1326,44198,601,839,225,219,0.98
2460,1327,1899,167,815,239,235,0.9
2461,1327,18146,646,843,186,189,0.95
2462,1327,22626,179,234,189,259,0.72
2463,1327,6562,510,249,402,213,0.73
2464,1328,6562,70,848,410,210,0.93
2465,1328,1899,579,216,237,227,0.93
2466,1328,29344,628,806,200,272,0.62
2467,1328,18146,168,246,181,182,0.9
2468,1329,1899,552,207,229,226,0.92
2469,1329,18146,148,241,180,178,0.94
2470,1329,6562,35,806,418,218,0.88
2471,1330,22626,612,111,225,413,0.89
2472,1330,3482,597,846,281,184,0.98
2473,1330,29344,89,163,442,422,0.97
2474,1330,21770,86,825,341,304,0.82
2475,1331,29344,71,134,431,430,0.9
2476,1331,21770,44,783,351,305,0.83
2477,1331,3482,573,808,281,192,0.96
2478,1331,22626,580,102,221,398,0.64
2479,1332,29344,461,647,451,441,0.94
2480,1332,22626,141,706,237,435,0.89
2481,1332,3482,124,276,272,184,0.95
2482,1332,21770,572,179,325,290,0.63
2483,1333,12246,157,286,198,244,0.94
2484,1333,27732,402,923,187,190,0.62
2485,1333,16261,585,281,329,318,0.95
2486,1337,6562,493,822,392,264,0.74
2487,1337,18146,167,245,182,182,0.91
2488,1337,1899,575,187,238,224,0.98
2489,1340,1899,188,826,240,237,0.96
2490,1340,18146,645,859,208,157,0.51
2491,1340,3543,135,127,248,418,0.99
2492,1345,3482,598,845,282,187,0.97
2493,1345,27776,156,117,426,514,0.97
2494,1345,13394,616,171,224,217,0.96
2495,1345,21770,83,825,343,303,0.79
2496,1347,3482,126,275,271,185,0.96
2497,1347,21770,570,180,333,288,0.68
2498,1347,13394,142,871,225,225,0.85
2499,1347,27776,414,610,424,523,0.98
2500,1348,13899,186,267,202,202,0.6
2501,1348,13899,674,310,184,186,0.92
2502,1348,22346,187,266,202,203,0.66
2503,1348,22346,673,308,187,187,0.63
2504,1348,27732,362,881,188,189,0.71
2505,1350,13899,103,814,187,187,0.91
2506,1350,27732,427,219,182,180,0.85
2507,1350,22346,588,856,205,205,0.89
2508,1350,22346,104,814,188,189,0.64
2509,1353,30307,638,294,168,195,0.68
2510,1353,16231,156,829,185,188,0.94
2511,1353,29344,517,676,437,460,0.79
2512,1353,3482,174,279,256,213,0.95
2513,1354,12246,167,800,190,256,0.94
2514,1354,34596,581,734,329,465,0.93
2515,1354,3482,141,296,210,249,0.93
2516,1354,25437,545,293,342,229,0.9
2517,1355,12246,600,203,182,246,0.98
2518,1355,25437,83,726,338,239,0.93
2519,1355,34596,80,45,315,441,0.95
2520,1355,3482,618,717,212,267,0.9
2521,1357,29450,165,672,216,363,0.92
2522,1357,16687,94,227,202,200,0.86
2523,1357,1899,577,169,230,223,0.95
2524,1358,1899,604,177,238,223,0.95
2525,1358,16687,110,240,207,198,0.94
2526,1358,29450,194,716,216,360,0.91
2527,1359,16687,676,828,209,209,0.93
2528,1359,1899,140,856,242,233,0.95
2529,1359,29450,587,230,203,334,0.6
2530,1361,13394,624,691,231,227,0.94
2531,1361,27732,358,151,182,183,0.93
2532,1363,27732,434,887,189,191,0.58
2533,1363,3350,457,246,423,287,0.51
2534,1366,20013,677,257,214,195,0.72
2535,1366,27992,661,837,210,205,0.9
2536,1366,3482,133,293,277,167,0.93
2537,1366,13394,126,863,226,223,0.85
2538,1367,27992,108,223,199,195,0.87
2539,1367,13394,602,174,218,218,0.95
2540,1367,3482,555,810,287,176,0.93
2541,1369,33207,635,177,246,229,0.56
2542,1369,27992,122,212,205,196,0.88
2543,1369,3742,126,865,221,165,0.6
2544,1369,3482,599,868,257,226,0.95
2545,1371,27992,103,204,201,193,0.95
2546,1371,33207,608,172,238,227,0.71
2547,1371,3482,572,835,261,234,0.95
2548,1371,3742,91,826,222,174,0.65
2549,1372,16550,92,113,310,461,0.7
2550,1372,23202,69,808,332,332,0.67
2551,1372,18109,593,116,283,439,0.89
2552,1376,18146,643,859,204,165,0.59
2553,1376,5093,93,702,292,490,0.96
2554,1376,24849,152,296,207,196,0.86
2555,1377,18146,150,256,199,155,0.74
2556,1377,20876,41,825,368,232,0.59
2557,1377,24849,640,805,214,199,0.51
2558,1377,5093,611,56,277,479,0.98
2559,1378,3482,146,218,251,220,0.95
2560,1378,3742,640,278,220,167,0.75
2561,1379,27992,164,200,204,197,0.87
2562,1379,3742,126,865,221,165,0.67
2563,1379,3482,599,868,260,227,0.95
2564,1381,22361,632,276,241,140,0.86
2565,1384,44198,604,194,227,219,0.96
2566,1384,3482,562,813,266,218,0.96
2567,1384,27925,48,94,409,450,0.93
2568,1385,44198,575,190,220,213,0.95
2569,1385,3482,535,778,268,224,0.97
2570,1385,30307,146,776,175,206,0.59
2571,1385,27925,39,84,391,439,0.95
2572,1386,3482,174,277,257,214,0.96
2573,1386,27925,541,698,414,464,0.93
2574,1386,30307,639,293,168,193,0.7
2575,1386,44198,151,846,233,229,0.63
2576,1387,3482,642,759,201,271,0.91
2577,1387,25437,131,828,278,315,0.64
2578,1387,44198,600,179,226,216,0.98
2579,1387,27992,115,243,201,193,0.97
2580,1390,33008,151,873,269,264,0.88
2581,1390,16547,601,749,270,412,0.56
2582,1390,16550,117,173,358,445,0.84
2583,1390,18109,605,119,196,458,0.92
2584,1392,16547,594,746,259,408,0.8
2585,1392,18109,606,75,212,486,0.93
2586,1392,33008,149,865,261,247,0.81
2587,1393,30307,639,293,168,193,0.66
2588,1393,3482,174,276,257,216,0.97
2589,1395,30307,145,776,177,206,0.52
2590,1395,27992,88,193,203,193,0.96
2591,1395,33207,575,186,235,226,0.57
2592,1395,3482,534,777,268,224,0.96
2593,1396,36636,512,596,329,482,0.94
2594,1396,33879,84,85,226,485,0.7
2595,1396,18109,80,652,220,489,0.92
2596,1396,19860,521,162,270,265,0.66
2597,1401,21770,572,181,330,287,0.67
2598,1401,27992,650,850,211,206,0.76
2599,1401,13394,141,871,224,227,0.7
2600,1401,3482,124,273,272,185,0.96
2601,1402,27732,426,887,187,189,0.76
2602,1402,44198,84,332,228,224,0.58
2603,1404,44198,669,762,225,219,0.95
2604,1404,27732,365,215,184,178,0.8
2605,1407,12080,603,792,248,251,0.97
2606,1407,27732,380,231,182,177,0.9
2607,1408,24849,653,897,225,211,0.91
2608,1408,41767,686,275,173,168,0.54
2609,1408,1899,73,809,240,234,0.69
2610,1408,18146,189,275,200,136,0.83
2611,1411,12246,640,208,193,248,0.98
2612,1411,3482,587,846,284,165,0.96
2613,1411,34596,65,121,385,420,0.95
2614,1413,3482,130,294,276,166,0.95
2615,1413,12246,148,804,202,253,0.95
2616,1413,34596,546,704,393,424,0.97
2617,1413,20013,677,257,211,195,0.65
2618,1414,16687,108,195,203,198,0.96
2619,1414,21324,600,189,218,214,0.86
2620,1414,1899,56,776,239,233,0.97
2621,1418,3543,586,699,270,456,0.99
2622,1418,5093,107,646,286,490,0.98
2623,1418,18146,127,256,199,150,0.79
2624,1420,27732,413,877,186,188,0.51
2625,1421,12777,545,713,307,283,0.57
2626,1421,27732,341,167,181,184,0.84
2627,1424,27776,91,69,359,527,0.93
2628,1424,22626,582,120,216,406,0.81
2629,1424,3482,532,775,271,224,0.95
2630,1425,3482,561,812,269,219,0.95
2631,1425,22626,613,129,222,434,0.69
2632,1425,27776,105,88,370,535,0.95
2633,1429,1899,123,831,237,227,0.94
2634,1429,21324,679,213,224,215,0.61
2635,1429,16687,121,253,206,199,0.84
2636,1429,19231,605,702,279,445,0.86
2637,1431,1899,86,790,243,234,0.95
2638,1431,16687,102,241,203,197,0.95
2639,1431,19231,574,661,285,452,0.76
2640,1431,21324,649,205,219,215,0.64
2641,1433,27732,368,173,181,183,0.88
2642,1433,12080,607,756,293,203,0.98
2643,1435,27732,399,855,187,189,0.74
2644,1435,23222,167,336,176,257,0.98
2645,1435,44198,589,305,225,219,0.81
2646,1436,27732,349,187,183,185,0.9
2647,1436,44198,111,697,229,231,0.86
2648,1436,23222,594,619,181,272,0.99
2649,1438,1899,206,844,242,232,0.99
2650,1438,16687,699,859,211,209,0.93
2651,1438,29450,584,230,207,334,0.6
2652,1439,1899,514,180,230,225,0.82
2653,1439,29450,165,671,219,364,0.92
2654,1439,16687,72,201,203,196,0.97
2655,1441,38161,94,731,308,277,0.84
2656,1441,12246,589,205,256,168,0.86
2657,1441,27992,118,171,201,195,0.91
2658,1441,3482,578,758,271,208,0.93
2659,1442,38161,130,778,304,277,0.88
2660,1442,12246,620,208,260,172,0.79
2661,1442,27992,135,177,204,196,0.79
2662,1442,3482,604,792,272,205,0.98
2663,1444,19551,527,621,295,512,0.68
2664,1444,33879,143,103,208,456,0.75
2665,1444,18109,99,687,200,488,0.95
2666,1444,23202,482,146,312,307,0.73
2667,1446,23202,126,800,324,320,0.78
2668,1446,19551,124,70,295,505,0.72
2669,1446,18109,632,31,194,483,0.96
2670,1446,33879,585,686,227,474,0.58
2671,1447,1899,45,792,238,232,0.96
2672,1447,6562,467,768,410,244,0.82
2673,1447,16687,102,178,202,201,0.92
2674,1447,21324,626,191,219,214,0.82
2675,1449,16687,118,184,207,201,0.84
2676,1449,21324,658,199,221,212,0.86
2677,1449,6562,494,810,405,231,0.92
2678,1449,1899,79,833,238,224,0.96
2679,1450,33008,118,812,260,251,0.88
2680,1450,18109,604,44,209,485,0.96
2681,1452,33008,119,825,264,261,0.75
2682,1452,33879,593,708,240,507,0.63
2683,1452,18109,600,92,196,456,0.91
2684,1453,25468,479,108,416,531,0.73
2685,1455,29870,651,646,282,341,0.63
2686,1455,25468,79,609,419,582,0.8
2687,1455,27732,335,192,181,179,0.75
2688,1458,33879,629,712,233,448,0.76
2689,1458,33008,107,830,260,253,0.87
2690,1458,18109,605,62,247,478,0.89
2691,1458,19551,75,164,307,505,0.78
2692,1459,23202,104,810,287,290,0.63
2693,1459,16550,83,195,302,464,0.72
2694,1459,18109,627,75,216,459,0.94
2695,1460,19860,548,186,270,274,0.63
2696,1460,16550,555,582,301,474,0.78
2697,1460,23202,548,184,270,277,0.82
2698,1460,36636,554,584,302,474,0.57
2699,1460,18109,56,695,241,479,0.93
2700,1461,19860,101,802,282,273,0.57
2701,1461,18109,633,35,231,476,0.94
2702,1461,23202,103,802,282,272,0.76
2703,1461,16550,77,154,308,472,0.7
2704,1462,20013,678,256,210,196,0.66
2705,1462,3482,130,293,277,167,0.94
2706,1462,27925,532,673,415,459,0.92
2707,1462,44198,133,868,231,226,0.74
2708,1463,3482,587,847,282,165,0.95
2709,1463,27925,57,119,409,453,0.94
2710,1463,44198,621,176,228,217,0.94
2711,1464,27925,45,109,395,437,0.73
2712,1464,3482,557,810,287,177,0.93
2713,1464,44198,594,169,221,218,0.93
2714,1466,3482,556,810,288,176,0.94
2715,1466,33207,598,175,229,228,0.53
2716,1466,27992,107,178,200,193,0.94
2717,1473,41767,127,866,177,175,0.55
2718,1473,5093,575,89,283,480,0.97
2719,1473,18146,616,862,199,156,0.86
2720,1473,16231,155,220,150,148,0.67
2721,1474,12246,620,207,259,171,0.58
2722,1474,3482,605,790,273,205,0.98
2723,1474,29344,65,102,436,426,0.96
2724,1474,38161,123,769,306,276,0.89
2725,1476,3482,579,755,272,208,0.94
2726,1476,38161,90,722,309,283,0.87
2727,1476,29344,49,76,430,430,0.84
2728,1476,12246,587,201,258,172,0.84
2729,1480,29450,597,239,205,332,0.54
2730,1480,16687,641,877,215,211,0.96
2731,1480,1899,174,835,239,234,0.91
2732,1480,21324,158,260,219,212,0.79
2733,1483,3742,639,278,221,168,0.76
2734,1483,3482,147,218,251,221,0.95
2735,1485,44198,148,166,211,202,0.52
2736,1485,3742,126,865,222,165,0.56
2737,1485,35205,147,165,210,203,0.57
2738,1485,3482,599,867,259,228,0.95
2739,1488,27732,393,206,182,179,0.87
2740,1488,22346,624,831,208,204,0.69
2741,1488,22361,206,821,208,204,0.76
2742,1489,44198,185,280,223,217,0.74
2743,1489,27732,403,851,185,188,0.67
2744,1489,16261,539,289,334,321,0.8
2745,1492,12777,527,299,333,355,0.75
2746,1492,22361,183,278,160,233,0.54
2747,1492,27732,381,905,187,188,0.52
2748,1492,23222,183,276,160,235,0.85
2749,1493,12777,57,543,347,380,0.82
2750,1493,27732,368,138,181,184,0.76
2751,1493,23222,595,719,161,242,0.9
2752,1497,3742,84,825,223,175,0.57
2753,1497,13394,605,197,222,217,0.94
2754,1497,3482,561,834,262,240,0.92
2755,1500,12080,196,734,189,297,0.98
2756,1500,27732,351,237,181,178,0.81
